president,enddate,Approve,Disapprove
Donald Trump,1/22/2017,45.686784,38.055805
Donald Trump,1/22/2017,45.861441,43.539189
Donald Trump,1/24/2017,43.451563,43.780389
Donald Trump,1/23/2017,45.861441,44.539189
Donald Trump,1/24/2017,46.861441,43.539189
Donald Trump,1/25/2017,43.651563,44.380389
Donald Trump,1/24/2017,51.608387,44.626013
Donald Trump,1/25/2017,37.750369,42.742388
Donald Trump,1/25/2017,41.948636,36.76658
Donald Trump,1/25/2017,46.861441,43.539189
Donald Trump,1/24/2017,43.608485,44.209337
Donald Trump,1/25/2017,53.608387,42.626013
Donald Trump,1/26/2017,43.951563,44.980389
Donald Trump,1/26/2017,45.861441,46.539189
Donald Trump,1/27/2017,45.851563,44.080389
Donald Trump,1/26/2017,49.608387,46.626013
Donald Trump,1/27/2017,42.861441,48.539189
Donald Trump,1/28/2017,46.751563,44.580389
Donald Trump,1/29/2017,49.551563,43.680389
Donald Trump,1/28/2017,48.686784,42.055805
Donald Trump,1/28/2017,42.861441,49.539189
Donald Trump,1/29/2017,47.608387,48.626013
Donald Trump,1/30/2017,45.608387,50.626013
Donald Trump,1/30/2017,48.151563,44.380389
Donald Trump,1/30/2017,45.613321,49.248116
Donald Trump,1/29/2017,43.861441,48.539189
Donald Trump,1/31/2017,46.651563,45.480389
Donald Trump,1/30/2017,43.861441,49.539189
Donald Trump,1/31/2017,43.861441,50.539189
Donald Trump,1/31/2017,47.608387,48.626013
Donald Trump,2/1/2017,46.351563,46.480389
Donald Trump,2/2/2017,43.539711,47.592009
Donald Trump,1/31/2017,43.948636,45.76658
Donald Trump,2/2/2017,46.651563,45.980389
Donald Trump,2/1/2017,47.608387,48.626013
Donald Trump,1/31/2017,46.608485,49.209337
Donald Trump,2/1/2017,43.861441,50.539189
Donald Trump,2/3/2017,46.251563,46.280389
Donald Trump,2/2/2017,43.727772,51.495022
Donald Trump,2/2/2017,48.608387,47.626013
Donald Trump,2/2/2017,43.861441,50.539189
Donald Trump,2/3/2017,44.861441,48.539189
Donald Trump,2/5/2017,43.613321,51.248116
Donald Trump,2/4/2017,46.551563,46.280389
Donald Trump,2/2/2017,41.37161,47.419838
Donald Trump,2/4/2017,47.686784,44.055805
Donald Trump,2/4/2017,43.948636,48.76658
Donald Trump,2/5/2017,48.851563,45.380389
Donald Trump,2/4/2017,43.743003,44.945964
Donald Trump,2/4/2017,42.861441,51.539189
Donald Trump,2/5/2017,47.608387,48.626013
Donald Trump,2/6/2017,48.451563,46.080389
Donald Trump,2/6/2017,43.750369,49.742388
Donald Trump,2/6/2017,47.608387,48.626013
Donald Trump,2/5/2017,42.861441,50.539189
Donald Trump,2/5/2017,43.948636,47.76658
Donald Trump,2/6/2017,44.19239,49.503737
Donald Trump,2/6/2017,41.948636,49.76658
Donald Trump,2/7/2017,48.851563,46.180389
Donald Trump,2/6/2017,42.861441,52.539189
Donald Trump,2/8/2017,48.851563,46.180389
Donald Trump,2/7/2017,47.608387,48.626013
Donald Trump,2/7/2017,41.948636,49.76658
Donald Trump,2/6/2017,46.768815,50.050052
Donald Trump,2/7/2017,40.948636,49.76658
Donald Trump,2/7/2017,43.861441,50.539189
Donald Trump,2/8/2017,47.608387,48.626013
Donald Trump,2/8/2017,39.948636,51.76658
Donald Trump,2/8/2017,43.861441,50.539189
Donald Trump,2/9/2017,49.151563,44.980389
Donald Trump,2/9/2017,42.861441,50.539189
Donald Trump,2/8/2017,42.608485,53.209337
Donald Trump,2/10/2017,48.051563,46.180389
Donald Trump,2/9/2017,41.948636,51.76658
Donald Trump,2/9/2017,46.608387,49.626013
Donald Trump,2/10/2017,41.861441,51.539189
Donald Trump,2/12/2017,43.613321,52.248116
Donald Trump,2/11/2017,48.051563,46.080389
Donald Trump,2/12/2017,47.651563,46.980389
Donald Trump,2/12/2017,46.608387,49.626013
Donald Trump,2/12/2017,41.162813,52.477711
Donald Trump,2/10/2017,48.686784,46.055805
Donald Trump,2/11/2017,40.861441,53.539189
Donald Trump,2/13/2017,46.608387,49.626013
Donald Trump,2/12/2017,40.948636,51.76658
Donald Trump,2/12/2017,40.861441,52.539189
Donald Trump,2/13/2017,47.651563,47.080389
Donald Trump,2/14/2017,46.651563,49.180389
Donald Trump,2/13/2017,42.948636,48.76658
Donald Trump,2/13/2017,43.746612,51.481791
Donald Trump,2/13/2017,40.861441,52.539189
Donald Trump,2/13/2017,46.012924,47.485387
Donald Trump,2/14/2017,43.948636,48.76658
Donald Trump,2/14/2017,40.861441,51.539189
Donald Trump,2/15/2017,47.151563,48.980389
Donald Trump,2/14/2017,38.948636,54.76658
Donald Trump,2/14/2017,47.608387,48.626013
Donald Trump,2/15/2017,40.861441,52.539189
Donald Trump,2/16/2017,47.251563,48.780389
Donald Trump,2/15/2017,49.608387,46.626013
Donald Trump,2/15/2017,41.948636,51.76658
Donald Trump,2/16/2017,38.861441,54.539189
Donald Trump,2/17/2017,42.613321,52.248116
Donald Trump,2/16/2017,49.608387,46.626013
Donald Trump,2/16/2017,37.948636,52.76658
Donald Trump,2/17/2017,46.451563,49.680389
Donald Trump,2/18/2017,45.651563,50.680389
Donald Trump,2/19/2017,40.613321,53.248116
Donald Trump,2/17/2017,43.948636,49.76658
Donald Trump,2/19/2017,41.769187,50.41321
Donald Trump,2/17/2017,40.861441,53.539189
Donald Trump,2/19/2017,40.05001,50.794843
Donald Trump,2/19/2017,45.608387,50.626013
Donald Trump,2/19/2017,46.651563,49.080389
Donald Trump,2/18/2017,41.861441,53.539189
Donald Trump,2/18/2017,41.948636,48.76658
Donald Trump,2/18/2017,41.948636,48.76658
Donald Trump,2/20/2017,47.19239,45.503737
Donald Trump,2/19/2017,42.861441,51.539189
Donald Trump,2/19/2017,38.948636,53.76658
Donald Trump,2/20/2017,46.851563,48.480389
Donald Trump,2/19/2017,48.686784,45.055805
Donald Trump,2/20/2017,44.608387,51.626013
Donald Trump,2/21/2017,46.451563,48.580389
Donald Trump,2/20/2017,41.861441,51.539189
Donald Trump,2/21/2017,39.750369,53.742388
Donald Trump,2/20/2017,40.948636,51.76658
Donald Trump,2/20/2017,45.584929,47.955382
Donald Trump,2/21/2017,40.37161,50.419838
Donald Trump,2/21/2017,45.608387,50.626013
Donald Trump,2/22/2017,47.351563,45.680389
Donald Trump,2/23/2017,41.613321,53.248116
Donald Trump,2/22/2017,43.948636,47.76658
Donald Trump,2/22/2017,43.237814,48.82106
Donald Trump,2/21/2017,42.861441,50.539189
Donald Trump,2/22/2017,42.948636,47.76658
Donald Trump,2/23/2017,47.151563,45.880389
Donald Trump,2/22/2017,43.861441,50.539189
Donald Trump,2/22/2017,46.608387,48.626013
Donald Trump,2/23/2017,47.608387,48.626013
Donald Trump,2/22/2017,44.608485,48.209337
Donald Trump,2/24/2017,46.451563,46.580389
Donald Trump,2/23/2017,43.861441,50.539189
Donald Trump,2/25/2017,46.451563,46.480389
Donald Trump,2/24/2017,40.948636,51.76658
Donald Trump,2/24/2017,41.861441,51.539189
Donald Trump,2/26/2017,45.608387,50.626013
Donald Trump,2/25/2017,40.948636,51.76658
Donald Trump,2/25/2017,41.861441,52.539189
Donald Trump,2/26/2017,46.951563,46.780389
Donald Trump,2/27/2017,44.608387,51.626013
Donald Trump,2/26/2017,42.948636,51.76658
Donald Trump,2/27/2017,47.451563,46.880389
Donald Trump,2/26/2017,42.861441,52.539189
Donald Trump,2/26/2017,49.686784,46.055805
Donald Trump,2/28/2017,47.451563,46.980389
Donald Trump,2/27/2017,42.861441,52.539189
Donald Trump,2/27/2017,41.948636,50.76658
Donald Trump,2/28/2017,42.948636,48.76658
Donald Trump,2/28/2017,43.861441,50.539189
Donald Trump,2/28/2017,44.608387,51.626013
Donald Trump,3/1/2017,41.948636,51.76658
Donald Trump,3/1/2017,47.051563,47.780389
Donald Trump,3/2/2017,42.613321,52.248116
Donald Trump,3/4/2017,42.539711,52.592009
Donald Trump,3/2/2017,47.151563,47.380389
Donald Trump,3/1/2017,46.608387,49.626013
Donald Trump,3/1/2017,43.948636,52.76658
Donald Trump,3/1/2017,43.861441,49.539189
Donald Trump,3/2/2017,46.948636,43.76658
Donald Trump,3/3/2017,46.951563,47.280389
Donald Trump,3/2/2017,43.861441,49.539189
Donald Trump,3/2/2017,47.608387,48.626013
Donald Trump,3/3/2017,43.861441,49.539189
Donald Trump,3/4/2017,46.751563,46.780389
Donald Trump,3/3/2017,44.948636,48.76658
Donald Trump,3/4/2017,44.727772,50.495022
Donald Trump,3/5/2017,48.151563,45.280389
Donald Trump,3/4/2017,43.861441,48.539189
Donald Trump,3/5/2017,45.613321,50.248116
Donald Trump,3/5/2017,45.921962,44.497249
Donald Trump,3/5/2017,46.608387,49.626013
Donald Trump,3/4/2017,41.948636,49.76658
Donald Trump,3/6/2017,45.608387,50.626013
Donald Trump,3/5/2017,44.861441,48.539189
Donald Trump,3/5/2017,43.262775,47.326316
Donald Trump,3/6/2017,48.951563,44.580389
Donald Trump,3/5/2017,42.948636,50.76658
Donald Trump,3/6/2017,42.750369,50.742388
Donald Trump,3/6/2017,49.686784,46.055805
Donald Trump,3/7/2017,44.404286,47.081642
Donald Trump,3/7/2017,48.951563,44.580389
Donald Trump,3/6/2017,40.948636,48.76658
Donald Trump,3/6/2017,41.351563,43.580389
Donald Trump,3/6/2017,43.861441,49.539189
Donald Trump,3/9/2017,44.613321,51.248116
Donald Trump,3/7/2017,40.948636,51.76658
Donald Trump,3/12/2017,45.162813,51.477711
Donald Trump,3/8/2017,49.651563,44.180389
Donald Trump,3/7/2017,42.861441,51.539189
Donald Trump,3/7/2017,43.608387,52.626013
Donald Trump,3/7/2017,42.948636,50.76658
Donald Trump,3/9/2017,50.351563,43.880389
Donald Trump,3/11/2017,43.266953,50.752359
Donald Trump,3/8/2017,42.948636,50.76658
Donald Trump,3/8/2017,43.608387,52.626013
Donald Trump,3/8/2017,41.861441,51.539189
Donald Trump,3/9/2017,42.861441,50.539189
Donald Trump,3/10/2017,50.051563,44.780389
Donald Trump,3/9/2017,42.608387,53.626013
Donald Trump,3/9/2017,39.948636,50.76658
Donald Trump,3/12/2017,36.769187,56.41321
Donald Trump,3/11/2017,49.251563,45.480389
Donald Trump,3/10/2017,44.861441,47.539189
Donald Trump,3/10/2017,40.948636,51.76658
Donald Trump,3/11/2017,45.861441,47.539189
Donald Trump,3/12/2017,48.451563,46.380389
Donald Trump,3/12/2017,41.608387,54.626013
Donald Trump,3/11/2017,42.948636,51.76658
Donald Trump,3/12/2017,42.608485,50.209337
Donald Trump,3/13/2017,51.686784,44.055805
Donald Trump,3/13/2017,48.251563,46.880389
Donald Trump,3/13/2017,40.608387,54.626013
Donald Trump,3/12/2017,39.948636,52.76658
Donald Trump,3/12/2017,42.861441,49.539189
Donald Trump,3/13/2017,43.948636,49.76658
Donald Trump,3/13/2017,39.861441,53.539189
Donald Trump,3/14/2017,46.651563,47.480389
Donald Trump,3/14/2017,39.608387,55.626013
Donald Trump,3/14/2017,40.861441,52.539189
Donald Trump,3/15/2017,45.851563,47.280389
Donald Trump,3/16/2017,43.613321,52.248116
Donald Trump,3/14/2017,41.012924,51.485387
Donald Trump,3/14/2017,41.948636,50.76658
Donald Trump,3/15/2017,42.861441,51.539189
Donald Trump,3/15/2017,39.948636,53.76658
Donald Trump,3/16/2017,45.551563,47.580389
Donald Trump,3/15/2017,41.608387,54.626013
Donald Trump,3/17/2017,45.751563,47.380389
Donald Trump,3/16/2017,41.861441,52.539189
Donald Trump,3/16/2017,42.608387,53.626013
Donald Trump,3/16/2017,43.914807,52.031268
Donald Trump,3/16/2017,44.746612,50.481791
Donald Trump,3/16/2017,40.948636,49.76658
Donald Trump,3/18/2017,43.751563,48.980389
Donald Trump,3/17/2017,40.861441,53.539189
Donald Trump,3/17/2017,43.948636,48.76658
Donald Trump,3/19/2017,43.608387,52.626013
Donald Trump,3/18/2017,42.948636,50.76658
Donald Trump,3/18/2017,37.861441,56.539189
Donald Trump,3/19/2017,46.151563,47.780389
Donald Trump,3/17/2017,40.527124,47.830237
Donald Trump,3/20/2017,45.19239,49.503737
Donald Trump,3/19/2017,39.861441,53.539189
Donald Trump,3/19/2017,42.948636,51.76658
Donald Trump,3/20/2017,44.608387,51.626013
Donald Trump,3/20/2017,47.051563,46.580389
Donald Trump,3/19/2017,49.686784,45.055805
Donald Trump,3/20/2017,43.584929,50.955382
Donald Trump,3/21/2017,47.651563,46.280389
Donald Trump,3/21/2017,38.750369,54.742388
Donald Trump,3/20/2017,43.948636,48.76658
Donald Trump,3/20/2017,39.861441,54.539189
Donald Trump,3/21/2017,40.861441,53.539189
Donald Trump,3/21/2017,40.948636,50.76658
Donald Trump,3/23/2017,39.613321,54.248116
Donald Trump,3/21/2017,40.608387,55.626013
Donald Trump,3/21/2017,41.948636,47.76658
Donald Trump,3/22/2017,47.251563,46.780389
Donald Trump,3/22/2017,39.861441,54.539189
Donald Trump,3/23/2017,49.351563,45.080389
Donald Trump,3/22/2017,40.948636,52.76658
Donald Trump,3/22/2017,41.608387,54.626013
Donald Trump,3/23/2017,38.914807,56.031268
Donald Trump,3/23/2017,38.608387,57.626013
Donald Trump,3/23/2017,40.948636,51.76658
Donald Trump,3/23/2017,41.861441,52.539189
Donald Trump,3/24/2017,47.551563,46.680389
Donald Trump,3/24/2017,41.861441,52.539189
Donald Trump,3/25/2017,47.351563,47.480389
Donald Trump,3/24/2017,40.948636,53.76658
Donald Trump,3/25/2017,39.948636,51.76658
Donald Trump,3/26/2017,39.608387,55.626013
Donald Trump,3/25/2017,40.861441,52.539189
Donald Trump,3/26/2017,45.551563,48.380389
Donald Trump,3/27/2017,38.404286,48.081642
Donald Trump,3/26/2017,36.861441,55.539189
Donald Trump,3/27/2017,38.05001,51.794843
Donald Trump,3/27/2017,45.851563,47.480389
Donald Trump,3/26/2017,39.948636,52.76658
Donald Trump,3/25/2017,44.686784,51.055805
Donald Trump,3/27/2017,44.08833,53.353891
Donald Trump,3/27/2017,39.608387,56.626013
Donald Trump,3/27/2017,41.948636,49.76658
Donald Trump,3/28/2017,44.751563,47.780389
Donald Trump,3/27/2017,36.861441,54.539189
Donald Trump,3/28/2017,38.608387,57.626013
Donald Trump,3/30/2017,35.539711,55.592009
Donald Trump,3/28/2017,41.948636,48.76658
Donald Trump,3/28/2017,41.37161,51.419838
Donald Trump,3/28/2017,37.948636,54.76658
Donald Trump,3/28/2017,35.861441,57.539189
Donald Trump,3/29/2017,46.351563,45.680389
Donald Trump,3/30/2017,41.613321,55.248116
Donald Trump,3/29/2017,37.948636,53.76658
Donald Trump,3/29/2017,38.861441,55.539189
Donald Trump,3/28/2017,39.608485,53.209337
Donald Trump,3/29/2017,34.914807,60.031268
Donald Trump,3/29/2017,36.743003,54.945964
Donald Trump,3/30/2017,46.851563,45.080389
Donald Trump,3/29/2017,38.608387,57.626013
Donald Trump,3/30/2017,38.861441,54.539189
Donald Trump,3/31/2017,48.551563,44.480389
Donald Trump,3/30/2017,37.608387,58.626013
Donald Trump,3/30/2017,39.948636,51.76658
Donald Trump,3/31/2017,40.861441,54.539189
Donald Trump,3/31/2017,39.948636,52.76658
Donald Trump,4/1/2017,48.651563,44.980389
Donald Trump,4/2/2017,48.751563,45.880389
Donald Trump,4/1/2017,46.686784,50.055805
Donald Trump,4/1/2017,38.948636,54.76658
Donald Trump,4/1/2017,38.861441,55.539189
Donald Trump,4/2/2017,36.608387,59.626013
Donald Trump,4/3/2017,41.769187,53.41321
Donald Trump,4/3/2017,47.551563,48.080389
Donald Trump,4/3/2017,36.750369,55.742388
Donald Trump,4/2/2017,37.948636,52.76658
Donald Trump,4/3/2017,37.608387,58.626013
Donald Trump,4/2/2017,38.861441,55.539189
Donald Trump,4/3/2017,38.948636,52.76658
Donald Trump,4/4/2017,46.851563,49.280389
Donald Trump,4/3/2017,39.861441,53.539189
Donald Trump,4/4/2017,40.608387,55.626013
Donald Trump,4/4/2017,40.948636,49.76658
Donald Trump,4/5/2017,46.351563,49.680389
Donald Trump,4/6/2017,39.613321,55.248116
Donald Trump,4/4/2017,42.861441,50.539189
Donald Trump,4/4/2017,39.948636,50.76658
Donald Trump,4/5/2017,42.948636,47.76658
Donald Trump,4/6/2017,45.651563,50.180389
Donald Trump,4/5/2017,36.914807,59.031268
Donald Trump,4/5/2017,40.608387,55.626013
Donald Trump,4/5/2017,41.861441,51.539189
Donald Trump,4/6/2017,39.608387,56.626013
Donald Trump,4/6/2017,39.948636,51.76658
Donald Trump,4/6/2017,40.861441,52.539189
Donald Trump,4/7/2017,45.551563,48.880389
Donald Trump,4/6/2017,38.237814,48.82106
Donald Trump,4/7/2017,40.861441,52.539189
Donald Trump,4/8/2017,46.751563,47.680389
Donald Trump,4/7/2017,38.948636,51.76658
Donald Trump,4/8/2017,40.861441,52.539189
Donald Trump,4/9/2017,47.851563,46.380389
Donald Trump,4/8/2017,38.948636,51.76658
Donald Trump,4/9/2017,38.608387,57.626013
Donald Trump,4/9/2017,40.861441,51.539189
Donald Trump,4/11/2017,41.162813,50.477711
Donald Trump,4/9/2017,47.686784,48.055805
Donald Trump,4/9/2017,44.37161,48.419838
Donald Trump,4/10/2017,41.608387,54.626013
Donald Trump,4/10/2017,49.351563,44.880389
Donald Trump,4/10/2017,40.861441,52.539189
Donald Trump,4/11/2017,49.851563,45.180389
Donald Trump,4/10/2017,43.948636,49.76658
Donald Trump,4/11/2017,41.861441,50.539189
Donald Trump,4/11/2017,41.608387,54.626013
Donald Trump,4/13/2017,41.613321,52.248116
Donald Trump,4/12/2017,48.851563,45.880389
Donald Trump,4/11/2017,40.948636,51.76658
Donald Trump,4/12/2017,42.608387,53.626013
Donald Trump,4/11/2017,40.948636,51.76658
Donald Trump,4/13/2017,48.351563,46.580389
Donald Trump,4/12/2017,36.914807,58.031268
Donald Trump,4/12/2017,42.948636,48.76658
Donald Trump,4/18/2017,41.162813,57.477711
Donald Trump,4/12/2017,40.861441,52.539189
Donald Trump,4/13/2017,40.948636,51.76658
Donald Trump,4/14/2017,47.251563,48.180389
Donald Trump,4/13/2017,42.608387,53.626013
Donald Trump,4/12/2017,40.05001,48.794843
Donald Trump,4/13/2017,40.861441,53.539189
Donald Trump,4/14/2017,42.948636,48.76658
Donald Trump,4/15/2017,46.051563,49.280389
Donald Trump,4/14/2017,39.861441,53.539189
Donald Trump,4/16/2017,44.608387,51.626013
Donald Trump,4/15/2017,42.948636,48.76658
Donald Trump,4/15/2017,41.861441,51.539189
Donald Trump,4/16/2017,45.751563,48.780389
Donald Trump,4/15/2017,47.686784,46.055805
Donald Trump,4/17/2017,44.608387,51.626013
Donald Trump,4/17/2017,44.551563,51.080389
Donald Trump,4/18/2017,41.750369,54.742388
Donald Trump,4/18/2017,43.751563,51.580389
Donald Trump,4/17/2017,41.861441,50.539189
Donald Trump,4/17/2017,43.746612,51.481791
Donald Trump,4/20/2017,42.613321,53.248116
Donald Trump,4/18/2017,41.948636,50.76658
Donald Trump,4/18/2017,43.948636,47.76658
Donald Trump,4/18/2017,42.861441,50.539189
Donald Trump,4/18/2017,42.608387,53.626013
Donald Trump,4/19/2017,43.351563,51.680389
Donald Trump,4/19/2017,43.861441,48.539189
Donald Trump,4/19/2017,41.948636,49.76658
Donald Trump,4/18/2017,42.608485,50.209337
Donald Trump,4/19/2017,43.608387,52.626013
Donald Trump,4/18/2017,35.914807,59.031268
Donald Trump,4/20/2017,42.951563,51.880389
Donald Trump,4/20/2017,43.608387,52.626013
Donald Trump,4/20/2017,39.237814,54.82106
Donald Trump,4/20/2017,41.584929,52.955382
Donald Trump,4/25/2017,41.393949,46.663376
Donald Trump,4/20/2017,43.861441,49.539189
Donald Trump,4/20/2017,40.948636,46.76658
Donald Trump,4/21/2017,41.151563,53.380389
Donald Trump,4/20/2017,42.718064,51.689878
Donald Trump,4/23/2017,45.769187,48.41321
Donald Trump,4/21/2017,42.861441,50.539189
Donald Trump,4/21/2017,46.948636,46.76658
Donald Trump,4/20/2017,40.095499,50.465112
Donald Trump,4/22/2017,41.451563,52.180389
Donald Trump,4/23/2017,45.608387,50.626013
Donald Trump,4/23/2017,41.351563,52.080389
Donald Trump,4/22/2017,40.861441,52.539189
Donald Trump,4/24/2017,45.19239,47.503737
Donald Trump,4/23/2017,43.948636,49.76658
Donald Trump,4/24/2017,41.608387,54.626013
Donald Trump,4/24/2017,50.686784,46.055805
Donald Trump,4/23/2017,40.861441,52.539189
Donald Trump,4/24/2017,41.051563,52.480389
Donald Trump,4/24/2017,40.861441,53.539189
Donald Trump,4/25/2017,41.851563,51.480389
Donald Trump,4/24/2017,42.37161,52.419838
Donald Trump,4/24/2017,41.948636,48.76658
Donald Trump,4/25/2017,39.861441,54.539189
Donald Trump,4/25/2017,43.012924,48.485387
Donald Trump,4/25/2017,42.948636,50.76658
Donald Trump,4/25/2017,43.727772,52.495022
Donald Trump,4/25/2017,41.948636,49.76658
Donald Trump,4/26/2017,43.051563,51.080389
Donald Trump,4/25/2017,40.608387,55.626013
Donald Trump,4/27/2017,43.613321,51.248116
Donald Trump,4/26/2017,39.608387,56.626013
Donald Trump,4/26/2017,40.861441,53.539189
Donald Trump,4/26/2017,40.948636,51.76658
Donald Trump,4/27/2017,42.851563,51.780389
Donald Trump,4/27/2017,43.861441,50.539189
Donald Trump,4/27/2017,41.948636,49.76658
Donald Trump,4/27/2017,33.914807,62.031268
Donald Trump,4/27/2017,41.608387,54.626013
Donald Trump,4/28/2017,43.251563,50.780389
Donald Trump,4/28/2017,42.948636,47.76658
Donald Trump,4/28/2017,43.861441,49.539189
Donald Trump,4/29/2017,43.951563,50.180389
Donald Trump,4/29/2017,42.861441,51.539189
Donald Trump,4/29/2017,38.948636,51.76658
Donald Trump,4/30/2017,41.608387,54.626013
Donald Trump,4/30/2017,44.351563,50.280389
Donald Trump,4/29/2017,40.743003,51.945964
Donald Trump,4/30/2017,47.686784,46.055805
Donald Trump,4/30/2017,41.861441,53.539189
Donald Trump,4/30/2017,43.948636,49.76658
Donald Trump,1/22/2017,44.957442,43.763923
Donald Trump,1/24/2017,42.474548,44.0507
Donald Trump,1/23/2017,44.957442,44.763923
Donald Trump,1/24/2017,45.957442,43.763923
Donald Trump,1/25/2017,42.674548,44.6507
Donald Trump,1/26/2017,42.974548,45.2507
Donald Trump,1/25/2017,41.056827,37.140717
Donald Trump,1/25/2017,45.957442,43.763923
Donald Trump,1/26/2017,44.957442,46.763923
Donald Trump,1/27/2017,44.874548,44.3507
Donald Trump,1/28/2017,45.774548,44.8507
Donald Trump,1/27/2017,41.957442,48.763923
Donald Trump,1/28/2017,41.957442,49.763923
Donald Trump,1/29/2017,48.574548,43.9507
Donald Trump,1/30/2017,47.174548,44.6507
Donald Trump,1/29/2017,42.957442,48.763923
Donald Trump,1/30/2017,44.694156,49.457367
Donald Trump,1/31/2017,45.674548,45.7507
Donald Trump,1/30/2017,42.957442,49.763923
Donald Trump,2/2/2017,42.973556,47.647346
Donald Trump,1/31/2017,42.957442,50.763923
Donald Trump,1/31/2017,43.056827,46.140717
Donald Trump,2/1/2017,45.374548,46.7507
Donald Trump,2/1/2017,42.957442,50.763923
Donald Trump,2/2/2017,45.674548,46.2507
Donald Trump,2/2/2017,43.272005,51.732341
Donald Trump,2/3/2017,45.274548,46.5507
Donald Trump,2/2/2017,42.957442,50.763923
Donald Trump,2/5/2017,42.694156,51.457367
Donald Trump,2/2/2017,40.782305,47.509023
Donald Trump,2/3/2017,43.957442,48.763923
Donald Trump,2/4/2017,45.574548,46.5507
Donald Trump,2/4/2017,43.056827,49.140717
Donald Trump,2/5/2017,47.874548,45.6507
Donald Trump,2/4/2017,41.957442,51.763923
Donald Trump,2/4/2017,47.39865,43.546209
Donald Trump,2/5/2017,41.957442,50.763923
Donald Trump,2/5/2017,43.056827,48.140717
Donald Trump,2/6/2017,47.474548,46.3507
Donald Trump,2/6/2017,41.957442,52.763923
Donald Trump,2/6/2017,41.056827,50.140717
Donald Trump,2/7/2017,47.874548,46.4507
Donald Trump,2/7/2017,40.056827,50.140717
Donald Trump,2/8/2017,47.874548,46.4507
Donald Trump,2/7/2017,41.056827,50.140717
Donald Trump,2/7/2017,42.957442,50.763923
Donald Trump,2/9/2017,48.174548,45.2507
Donald Trump,2/8/2017,42.957442,50.763923
Donald Trump,2/8/2017,39.056827,52.140717
Donald Trump,2/9/2017,41.957442,50.763923
Donald Trump,2/9/2017,41.056827,52.140717
Donald Trump,2/10/2017,47.074548,46.4507
Donald Trump,2/11/2017,47.074548,46.3507
Donald Trump,2/10/2017,40.957442,51.763923
Donald Trump,2/12/2017,42.694156,52.457367
Donald Trump,2/12/2017,46.674548,47.2507
Donald Trump,2/12/2017,40.430471,52.74177
Donald Trump,2/11/2017,39.957442,53.763923
Donald Trump,2/13/2017,46.674548,47.3507
Donald Trump,2/12/2017,40.056827,52.140717
Donald Trump,2/12/2017,39.957442,52.763923
Donald Trump,2/13/2017,42.056827,49.140717
Donald Trump,2/13/2017,39.957442,52.763923
Donald Trump,2/14/2017,45.674548,49.4507
Donald Trump,2/14/2017,43.056827,49.140717
Donald Trump,2/14/2017,39.957442,51.763923
Donald Trump,2/14/2017,38.056827,55.140717
Donald Trump,2/15/2017,46.174548,49.2507
Donald Trump,2/16/2017,46.274548,49.0507
Donald Trump,2/15/2017,41.056827,52.140717
Donald Trump,2/15/2017,39.957442,52.763923
Donald Trump,2/17/2017,45.474548,49.9507
Donald Trump,2/17/2017,41.694156,52.457367
Donald Trump,2/16/2017,37.957442,54.763923
Donald Trump,2/16/2017,37.056827,53.140717
Donald Trump,2/17/2017,43.056827,50.140717
Donald Trump,2/19/2017,39.694156,53.457367
Donald Trump,2/18/2017,44.674548,50.9507
Donald Trump,2/19/2017,41.070846,50.633466
Donald Trump,2/17/2017,39.957442,53.763923
Donald Trump,2/18/2017,41.056827,49.140717
Donald Trump,2/19/2017,45.674548,49.3507
Donald Trump,2/19/2017,39.268893,51.049562
Donald Trump,2/18/2017,40.957442,53.763923
Donald Trump,2/19/2017,41.957442,51.763923
Donald Trump,2/18/2017,41.056827,49.140717
Donald Trump,2/20/2017,45.874548,48.7507
Donald Trump,2/19/2017,38.056827,54.140717
Donald Trump,2/20/2017,40.056827,52.140717
Donald Trump,2/21/2017,39.782305,50.509023
Donald Trump,2/20/2017,40.957442,51.763923
Donald Trump,2/20/2017,44.825675,48.199832
Donald Trump,2/21/2017,45.474548,48.8507
Donald Trump,2/21/2017,41.957442,50.763923
Donald Trump,2/22/2017,43.056827,48.140717
Donald Trump,2/22/2017,43.194628,48.957609
Donald Trump,2/22/2017,46.374548,45.9507
Donald Trump,2/23/2017,40.694156,53.457367
Donald Trump,2/22/2017,42.056827,48.140717
Donald Trump,2/22/2017,42.957442,50.763923
Donald Trump,2/23/2017,46.174548,46.1507
Donald Trump,2/23/2017,42.957442,50.763923
Donald Trump,2/24/2017,45.474548,46.8507
Donald Trump,2/25/2017,45.474548,46.7507
Donald Trump,2/24/2017,40.957442,51.763923
Donald Trump,2/24/2017,40.056827,52.140717
Donald Trump,2/25/2017,40.957442,52.763923
Donald Trump,2/26/2017,45.974548,47.0507
Donald Trump,2/25/2017,40.056827,52.140717
Donald Trump,2/26/2017,42.056827,52.140717
Donald Trump,2/27/2017,46.474548,47.1507
Donald Trump,2/26/2017,41.957442,52.763923
Donald Trump,2/27/2017,41.957442,52.763923
Donald Trump,2/28/2017,46.474548,47.2507
Donald Trump,2/27/2017,41.056827,51.140717
Donald Trump,3/1/2017,46.074548,48.0507
Donald Trump,3/2/2017,41.694156,52.457367
Donald Trump,2/28/2017,42.056827,49.140717
Donald Trump,3/1/2017,41.056827,52.140717
Donald Trump,2/28/2017,42.957442,50.763923
Donald Trump,3/1/2017,42.957442,49.763923
Donald Trump,3/4/2017,41.973556,52.647346
Donald Trump,3/2/2017,46.174548,47.6507
Donald Trump,3/1/2017,43.056827,53.140717
Donald Trump,3/2/2017,42.957442,49.763923
Donald Trump,3/3/2017,45.974548,47.5507
Donald Trump,3/2/2017,46.056827,44.140717
Donald Trump,3/3/2017,44.056827,49.140717
Donald Trump,3/4/2017,45.774548,47.0507
Donald Trump,3/3/2017,42.957442,49.763923
Donald Trump,3/4/2017,41.056827,50.140717
Donald Trump,3/4/2017,44.272005,50.732341
Donald Trump,3/5/2017,47.174548,45.5507
Donald Trump,3/5/2017,44.694156,50.457367
Donald Trump,3/4/2017,42.957442,48.763923
Donald Trump,3/6/2017,47.974548,44.8507
Donald Trump,3/5/2017,43.957442,48.763923
Donald Trump,3/5/2017,42.658908,47.461051
Donald Trump,3/5/2017,42.056827,51.140717
Donald Trump,3/6/2017,40.056827,49.140717
Donald Trump,3/6/2017,42.957442,49.763923
Donald Trump,3/7/2017,47.974548,44.8507
Donald Trump,3/6/2017,40.374548,43.8507
Donald Trump,3/8/2017,48.674548,44.4507
Donald Trump,3/9/2017,43.694156,51.457367
Donald Trump,3/7/2017,41.957442,51.763923
Donald Trump,3/7/2017,40.056827,52.140717
Donald Trump,3/12/2017,44.430471,51.74177
Donald Trump,3/8/2017,42.056827,51.140717
Donald Trump,3/7/2017,42.056827,51.140717
Donald Trump,3/11/2017,42.694454,50.867505
Donald Trump,3/9/2017,49.374548,44.1507
Donald Trump,3/8/2017,40.957442,51.763923
Donald Trump,3/9/2017,39.056827,51.140717
Donald Trump,3/10/2017,49.074548,45.0507
Donald Trump,3/9/2017,41.957442,50.763923
Donald Trump,3/10/2017,40.056827,52.140717
Donald Trump,3/11/2017,48.274548,45.7507
Donald Trump,3/10/2017,43.957442,47.763923
Donald Trump,3/12/2017,36.070846,56.633466
Donald Trump,3/11/2017,44.957442,47.763923
Donald Trump,3/11/2017,42.056827,52.140717
Donald Trump,3/12/2017,47.474548,46.6507
Donald Trump,3/12/2017,39.056827,53.140717
Donald Trump,3/12/2017,41.957442,49.763923
Donald Trump,3/13/2017,47.274548,47.1507
Donald Trump,3/13/2017,38.957442,53.763923
Donald Trump,3/14/2017,45.674548,47.7507
Donald Trump,3/13/2017,43.056827,50.140717
Donald Trump,3/15/2017,44.874548,47.5507
Donald Trump,3/16/2017,42.694156,52.457367
Donald Trump,3/14/2017,39.957442,52.763923
Donald Trump,3/14/2017,41.056827,51.140717
Donald Trump,3/15/2017,41.957442,51.763923
Donald Trump,3/16/2017,44.574548,47.8507
Donald Trump,3/15/2017,39.056827,54.140717
Donald Trump,3/16/2017,40.056827,50.140717
Donald Trump,3/17/2017,44.774548,47.6507
Donald Trump,3/16/2017,43.257815,52.169753
Donald Trump,3/16/2017,40.957442,52.763923
Donald Trump,3/17/2017,39.957442,53.763923
Donald Trump,3/18/2017,42.774548,49.2507
Donald Trump,3/17/2017,43.056827,49.140717
Donald Trump,3/18/2017,42.056827,51.140717
Donald Trump,3/19/2017,45.174548,48.0507
Donald Trump,3/18/2017,36.957442,56.763923
Donald Trump,3/19/2017,42.056827,52.140717
Donald Trump,3/19/2017,38.957442,53.763923
Donald Trump,3/20/2017,46.074548,46.8507
Donald Trump,3/20/2017,38.957442,54.763923
Donald Trump,3/21/2017,46.674548,46.5507
Donald Trump,3/20/2017,42.825675,51.199832
Donald Trump,3/20/2017,43.056827,49.140717
Donald Trump,3/22/2017,46.274548,47.0507
Donald Trump,3/21/2017,41.056827,48.140717
Donald Trump,3/23/2017,38.694156,54.457367
Donald Trump,3/21/2017,39.957442,53.763923
Donald Trump,3/21/2017,40.056827,51.140717
Donald Trump,3/22/2017,38.957442,54.763923
Donald Trump,3/22/2017,40.056827,53.140717
Donald Trump,3/23/2017,48.374548,45.3507
Donald Trump,3/23/2017,40.056827,52.140717
Donald Trump,3/23/2017,40.957442,52.763923
Donald Trump,3/24/2017,46.574548,46.9507
Donald Trump,3/23/2017,38.257815,56.169753
Donald Trump,3/24/2017,40.056827,54.140717
Donald Trump,3/25/2017,46.374548,47.7507
Donald Trump,3/24/2017,40.957442,52.763923
Donald Trump,3/25/2017,39.957442,52.763923
Donald Trump,3/25/2017,39.056827,52.140717
Donald Trump,3/26/2017,44.574548,48.6507
Donald Trump,3/27/2017,43.358901,53.613477
Donald Trump,3/27/2017,44.874548,47.7507
Donald Trump,3/27/2017,37.268893,52.049562
Donald Trump,3/26/2017,35.957442,55.763923
Donald Trump,3/26/2017,39.056827,53.140717
Donald Trump,3/27/2017,41.056827,50.140717
Donald Trump,3/28/2017,43.774548,48.0507
Donald Trump,3/27/2017,35.957442,54.763923
Donald Trump,3/30/2017,40.694156,55.457367
Donald Trump,3/28/2017,37.056827,55.140717
Donald Trump,3/30/2017,34.973556,55.647346
Donald Trump,3/28/2017,34.957442,57.763923
Donald Trump,3/29/2017,45.374548,45.9507
Donald Trump,3/28/2017,41.056827,49.140717
Donald Trump,3/28/2017,40.782305,51.509023
Donald Trump,3/29/2017,38.863557,53.791578
Donald Trump,3/29/2017,34.257815,60.169753
Donald Trump,3/29/2017,37.056827,54.140717
Donald Trump,3/30/2017,45.874548,45.3507
Donald Trump,3/29/2017,37.957442,55.763923
Donald Trump,3/30/2017,37.957442,54.763923
Donald Trump,3/31/2017,47.574548,44.7507
Donald Trump,3/30/2017,39.056827,52.140717
Donald Trump,3/31/2017,39.056827,53.140717
Donald Trump,3/31/2017,39.957442,54.763923
Donald Trump,4/1/2017,47.674548,45.2507
Donald Trump,4/1/2017,37.957442,55.763923
Donald Trump,4/3/2017,41.070846,53.633466
Donald Trump,4/2/2017,47.774548,46.1507
Donald Trump,4/1/2017,38.056827,55.140717
Donald Trump,4/2/2017,37.957442,55.763923
Donald Trump,4/3/2017,46.574548,48.3507
Donald Trump,4/2/2017,37.056827,53.140717
Donald Trump,4/3/2017,38.056827,53.140717
Donald Trump,4/4/2017,45.874548,49.5507
Donald Trump,4/3/2017,38.957442,53.763923
Donald Trump,4/4/2017,39.056827,51.140717
Donald Trump,4/4/2017,40.056827,50.140717
Donald Trump,4/5/2017,45.374548,49.9507
Donald Trump,4/4/2017,41.957442,50.763923
Donald Trump,4/6/2017,38.694156,55.457367
Donald Trump,4/5/2017,42.056827,48.140717
Donald Trump,4/5/2017,40.957442,51.763923
Donald Trump,4/5/2017,36.257815,59.169753
Donald Trump,4/6/2017,44.674548,50.4507
Donald Trump,4/7/2017,44.574548,49.1507
Donald Trump,4/6/2017,39.957442,52.763923
Donald Trump,4/6/2017,39.056827,52.140717
Donald Trump,4/6/2017,38.194628,48.957609
Donald Trump,4/7/2017,39.957442,52.763923
Donald Trump,4/7/2017,38.056827,52.140717
Donald Trump,4/8/2017,45.774548,47.9507
Donald Trump,4/9/2017,46.874548,46.6507
Donald Trump,4/8/2017,39.957442,52.763923
Donald Trump,4/8/2017,38.056827,52.140717
Donald Trump,4/9/2017,39.957442,51.763923
Donald Trump,4/11/2017,40.430471,50.74177
Donald Trump,4/10/2017,48.374548,45.1507
Donald Trump,4/9/2017,43.782305,48.509023
Donald Trump,4/11/2017,48.874548,45.4507
Donald Trump,4/10/2017,43.056827,50.140717
Donald Trump,4/10/2017,39.957442,52.763923
Donald Trump,4/13/2017,40.694156,52.457367
Donald Trump,4/11/2017,40.056827,52.140717
Donald Trump,4/12/2017,47.874548,46.1507
Donald Trump,4/11/2017,40.957442,50.763923
Donald Trump,4/13/2017,47.374548,46.8507
Donald Trump,4/11/2017,40.056827,52.140717
Donald Trump,4/12/2017,39.957442,52.763923
Donald Trump,4/18/2017,40.430471,57.74177
Donald Trump,4/12/2017,42.056827,49.140717
Donald Trump,4/12/2017,36.257815,58.169753
Donald Trump,4/14/2017,46.274548,48.4507
Donald Trump,4/13/2017,39.957442,53.763923
Donald Trump,4/12/2017,39.268893,49.049562
Donald Trump,4/13/2017,40.056827,52.140717
Donald Trump,4/14/2017,38.957442,53.763923
Donald Trump,4/15/2017,45.074548,49.5507
Donald Trump,4/14/2017,42.056827,49.140717
Donald Trump,4/15/2017,40.957442,51.763923
Donald Trump,4/16/2017,44.774548,49.0507
Donald Trump,4/15/2017,42.056827,49.140717
Donald Trump,4/17/2017,43.574548,51.3507
Donald Trump,4/17/2017,40.957442,50.763923
Donald Trump,4/18/2017,42.774548,51.8507
Donald Trump,4/18/2017,43.056827,48.140717
Donald Trump,4/19/2017,42.374548,51.9507
Donald Trump,4/18/2017,41.957442,50.763923
Donald Trump,4/20/2017,41.694156,53.457367
Donald Trump,4/18/2017,41.056827,51.140717
Donald Trump,4/19/2017,42.957442,48.763923
Donald Trump,4/20/2017,41.974548,52.1507
Donald Trump,4/19/2017,41.056827,50.140717
Donald Trump,4/18/2017,35.257815,59.169753
Donald Trump,4/21/2017,40.174548,53.6507
Donald Trump,4/20/2017,39.194628,54.957609
Donald Trump,4/20/2017,40.056827,47.140717
Donald Trump,4/20/2017,40.825675,53.199832
Donald Trump,4/25/2017,41.776803,47.645536
Donald Trump,4/20/2017,42.087203,51.890805
Donald Trump,4/20/2017,42.957442,49.763923
Donald Trump,4/21/2017,41.957442,50.763923
Donald Trump,4/23/2017,45.070846,48.633466
Donald Trump,4/22/2017,40.474548,52.4507
Donald Trump,4/21/2017,46.056827,47.140717
Donald Trump,4/23/2017,40.374548,52.3507
Donald Trump,4/22/2017,39.957442,52.763923
Donald Trump,4/23/2017,43.056827,50.140717
Donald Trump,4/23/2017,39.957442,52.763923
Donald Trump,4/24/2017,40.074548,52.7507
Donald Trump,4/25/2017,40.874548,51.7507
Donald Trump,4/24/2017,39.957442,53.763923
Donald Trump,4/24/2017,41.056827,49.140717
Donald Trump,4/24/2017,41.782305,52.509023
Donald Trump,4/27/2017,42.694156,51.457367
Donald Trump,4/25/2017,43.272005,52.732341
Donald Trump,4/25/2017,38.957442,54.763923
Donald Trump,4/26/2017,42.074548,51.3507
Donald Trump,4/25/2017,41.056827,50.140717
Donald Trump,4/25/2017,42.056827,51.140717
Donald Trump,4/26/2017,39.957442,53.763923
Donald Trump,4/27/2017,41.874548,52.0507
Donald Trump,4/26/2017,40.056827,52.140717
Donald Trump,4/27/2017,41.056827,50.140717
Donald Trump,4/28/2017,42.274548,51.0507
Donald Trump,4/27/2017,42.957442,50.763923
Donald Trump,4/27/2017,33.257815,62.169753
Donald Trump,4/29/2017,42.974548,50.4507
Donald Trump,4/28/2017,42.957442,49.763923
Donald Trump,4/28/2017,42.056827,48.140717
Donald Trump,4/29/2017,38.056827,52.140717
Donald Trump,4/30/2017,43.374548,50.5507
Donald Trump,4/29/2017,41.957442,51.763923
Donald Trump,4/30/2017,43.056827,50.140717
Donald Trump,4/30/2017,40.957442,53.763923
Donald Trump,1/22/2017,46.495997,37.343779
Donald Trump,1/24/2017,45.949966,42.047479
Donald Trump,1/25/2017,43.349966,45.547479
Donald Trump,1/24/2017,52.837601,43.988128
Donald Trump,1/25/2017,38.758206,42.19894
Donald Trump,1/24/2017,44.584689,43.690153
Donald Trump,1/25/2017,54.837601,41.988128
Donald Trump,1/26/2017,42.049966,46.247479
Donald Trump,1/25/2017,42.555458,38.288382
Donald Trump,1/26/2017,50.837601,45.988128
Donald Trump,1/27/2017,45.849966,44.647479
Donald Trump,1/28/2017,47.249966,43.547479
Donald Trump,1/29/2017,49.049966,43.947479
Donald Trump,1/28/2017,49.495997,41.343779
Donald Trump,1/29/2017,48.837601,47.988128
Donald Trump,1/30/2017,46.897876,48.434398
Donald Trump,1/30/2017,46.837601,49.988128
Donald Trump,1/30/2017,49.349966,42.547479
Donald Trump,1/31/2017,49.049966,42.647479
Donald Trump,1/31/2017,48.837601,47.988128
Donald Trump,2/1/2017,48.649966,43.247479
Donald Trump,1/31/2017,46.555458,44.288382
Donald Trump,2/1/2017,48.837601,47.988128
Donald Trump,1/31/2017,47.584689,48.690153
Donald Trump,2/2/2017,48.449966,43.847479
Donald Trump,2/3/2017,48.049966,43.747479
Donald Trump,2/2/2017,49.837601,46.988128
Donald Trump,2/5/2017,44.897876,50.434398
Donald Trump,2/4/2017,47.549966,44.347479
Donald Trump,2/4/2017,47.495997,46.343779
Donald Trump,2/5/2017,48.837601,47.988128
Donald Trump,2/4/2017,43.555458,50.288382
Donald Trump,2/4/2017,44.436399,44.592979
Donald Trump,2/5/2017,49.449966,43.147479
Donald Trump,2/6/2017,47.049966,46.447479
Donald Trump,2/6/2017,48.837601,47.988128
Donald Trump,2/6/2017,44.758206,49.19894
Donald Trump,2/5/2017,47.555458,46.288382
Donald Trump,2/6/2017,45.058311,49.084326
Donald Trump,2/7/2017,48.249966,45.547479
Donald Trump,2/6/2017,43.555458,47.288382
Donald Trump,2/8/2017,49.049966,45.347479
Donald Trump,2/6/2017,47.464623,49.767022
Donald Trump,2/7/2017,43.555458,48.288382
Donald Trump,2/7/2017,48.837601,47.988128
Donald Trump,2/7/2017,41.555458,50.288382
Donald Trump,2/8/2017,48.837601,47.988128
Donald Trump,2/8/2017,43.555458,48.288382
Donald Trump,2/9/2017,49.449966,45.147479
Donald Trump,2/8/2017,43.584689,52.690153
Donald Trump,2/9/2017,41.555458,51.288382
Donald Trump,2/10/2017,46.549966,48.447479
Donald Trump,2/9/2017,47.837601,48.988128
Donald Trump,2/12/2017,43.897876,51.434398
Donald Trump,2/11/2017,49.649966,43.647479
Donald Trump,2/12/2017,47.837601,48.988128
Donald Trump,2/10/2017,49.495997,45.343779
Donald Trump,2/12/2017,43.501807,52.385481
Donald Trump,2/12/2017,48.849966,44.647479
Donald Trump,2/13/2017,48.549966,44.947479
Donald Trump,2/13/2017,47.837601,48.988128
Donald Trump,2/12/2017,41.555458,51.288382
Donald Trump,2/13/2017,46.832943,47.059963
Donald Trump,2/14/2017,47.949966,46.147479
Donald Trump,2/13/2017,41.555458,50.288382
Donald Trump,2/13/2017,44.934719,50.891093
Donald Trump,2/14/2017,48.837601,47.988128
Donald Trump,2/14/2017,42.555458,50.288382
Donald Trump,2/14/2017,45.555458,48.288382
Donald Trump,2/15/2017,49.949966,44.447479
Donald Trump,2/15/2017,50.837601,45.988128
Donald Trump,2/15/2017,42.555458,51.288382
Donald Trump,2/16/2017,48.049966,46.747479
Donald Trump,2/17/2017,46.749966,49.047479
Donald Trump,2/16/2017,39.555458,50.288382
Donald Trump,2/17/2017,44.897876,51.434398
Donald Trump,2/16/2017,50.837601,45.988128
Donald Trump,2/17/2017,43.555458,49.288382
Donald Trump,2/18/2017,45.949966,50.047479
Donald Trump,2/19/2017,47.049966,48.247479
Donald Trump,2/19/2017,41.933926,49.285681
Donald Trump,2/19/2017,46.837601,49.988128
Donald Trump,2/18/2017,43.555458,48.288382
Donald Trump,2/19/2017,49.495997,44.343779
Donald Trump,2/20/2017,45.837601,50.988128
Donald Trump,2/20/2017,48.058311,45.084326
Donald Trump,2/19/2017,39.555458,53.288382
Donald Trump,2/20/2017,45.249966,48.547479
Donald Trump,2/20/2017,43.555458,47.288382
Donald Trump,2/21/2017,44.249966,49.347479
Donald Trump,2/21/2017,40.758206,53.19894
Donald Trump,2/22/2017,47.555458,47.288382
Donald Trump,2/22/2017,44.849966,46.747479
Donald Trump,2/23/2017,42.897876,52.434398
Donald Trump,2/21/2017,46.837601,49.988128
Donald Trump,2/22/2017,47.837601,47.988128
Donald Trump,2/23/2017,43.849966,47.547479
Donald Trump,2/22/2017,43.555458,48.288382
Donald Trump,2/24/2017,43.049966,49.447479
Donald Trump,2/22/2017,45.584689,47.690153
Donald Trump,2/23/2017,48.837601,47.988128
Donald Trump,2/24/2017,42.555458,50.288382
Donald Trump,2/25/2017,46.049966,46.447479
Donald Trump,2/26/2017,46.837601,49.988128
Donald Trump,2/25/2017,42.555458,50.288382
Donald Trump,2/26/2017,46.749966,46.347479
Donald Trump,2/27/2017,45.837601,50.988128
Donald Trump,2/26/2017,41.555458,49.288382
Donald Trump,2/26/2017,50.495997,45.343779
Donald Trump,2/27/2017,47.249966,45.647479
Donald Trump,2/28/2017,48.549966,44.947479
Donald Trump,2/27/2017,43.555458,48.288382
Donald Trump,2/28/2017,45.837601,50.988128
Donald Trump,3/1/2017,44.555458,50.288382
Donald Trump,3/2/2017,44.897876,51.434398
Donald Trump,2/28/2017,44.555458,48.288382
Donald Trump,3/1/2017,50.149966,44.147479
Donald Trump,3/1/2017,43.555458,52.288382
Donald Trump,3/2/2017,47.949966,45.947479
Donald Trump,3/1/2017,47.837601,48.988128
Donald Trump,3/3/2017,48.049966,46.347479
Donald Trump,3/2/2017,48.837601,47.988128
Donald Trump,3/2/2017,48.555458,43.288382
Donald Trump,3/3/2017,47.555458,46.288382
Donald Trump,3/4/2017,46.949966,46.247479
Donald Trump,3/5/2017,47.749966,45.447479
Donald Trump,3/5/2017,47.837601,48.988128
Donald Trump,3/4/2017,46.555458,47.288382
Donald Trump,3/5/2017,46.678526,44.057921
Donald Trump,3/5/2017,44.555458,47.288382
Donald Trump,3/6/2017,46.837601,49.988128
Donald Trump,3/6/2017,43.758206,50.19894
Donald Trump,3/6/2017,48.849966,44.447479
Donald Trump,3/5/2017,44.29642,46.849766
Donald Trump,3/6/2017,50.495997,45.343779
Donald Trump,3/7/2017,47.949966,45.447479
Donald Trump,3/7/2017,45.285222,46.362
Donald Trump,3/6/2017,44.555458,46.288382
Donald Trump,3/8/2017,48.649966,45.147479
Donald Trump,3/7/2017,44.837601,51.988128
Donald Trump,3/9/2017,46.897876,48.434398
Donald Trump,3/7/2017,41.555458,52.288382
Donald Trump,3/9/2017,50.449966,44.447479
Donald Trump,3/7/2017,43.555458,49.288382
Donald Trump,3/8/2017,45.555458,50.288382
Donald Trump,3/8/2017,44.837601,51.988128
Donald Trump,3/10/2017,50.449966,45.147479
Donald Trump,3/9/2017,43.837601,52.988128
Donald Trump,3/9/2017,41.555458,50.288382
Donald Trump,3/11/2017,49.549966,46.047479
Donald Trump,3/10/2017,42.555458,50.288382
Donald Trump,3/12/2017,48.549966,47.947479
Donald Trump,3/12/2017,42.837601,53.988128
Donald Trump,3/11/2017,43.555458,50.288382
Donald Trump,3/13/2017,41.837601,53.988128
Donald Trump,3/12/2017,43.584689,49.690153
Donald Trump,3/13/2017,47.749966,48.647479
Donald Trump,3/12/2017,42.555458,50.288382
Donald Trump,3/13/2017,52.495997,43.343779
Donald Trump,3/13/2017,46.555458,47.288382
Donald Trump,3/14/2017,45.849966,49.747479
Donald Trump,3/14/2017,40.837601,54.988128
Donald Trump,3/16/2017,44.897876,51.434398
Donald Trump,3/15/2017,45.549966,48.847479
Donald Trump,3/14/2017,41.832943,51.059963
Donald Trump,3/15/2017,42.837601,53.988128
Donald Trump,3/14/2017,43.555458,48.288382
Donald Trump,3/16/2017,45.349966,48.647479
Donald Trump,3/15/2017,41.555458,52.288382
Donald Trump,3/16/2017,43.837601,52.988128
Donald Trump,3/17/2017,45.649966,48.447479
Donald Trump,3/16/2017,45.934719,49.891093
Donald Trump,3/16/2017,43.555458,52.288382
Donald Trump,3/17/2017,43.555458,49.288382
Donald Trump,3/18/2017,45.349966,48.947479
Donald Trump,3/18/2017,42.555458,50.288382
Donald Trump,3/17/2017,41.364289,47.421625
Donald Trump,3/19/2017,48.449966,46.347479
Donald Trump,3/19/2017,44.837601,51.988128
Donald Trump,3/20/2017,46.058311,49.084326
Donald Trump,3/19/2017,44.555458,49.288382
Donald Trump,3/19/2017,50.495997,44.343779
Donald Trump,3/20/2017,49.449966,45.347479
Donald Trump,3/20/2017,45.837601,50.988128
Donald Trump,3/21/2017,39.758206,54.19894
Donald Trump,3/20/2017,43.555458,50.288382
Donald Trump,3/21/2017,49.649966,45.647479
Donald Trump,3/23/2017,41.897876,54.434398
Donald Trump,3/22/2017,51.549966,42.447479
Donald Trump,3/21/2017,43.555458,48.288382
Donald Trump,3/21/2017,41.837601,54.988128
Donald Trump,3/21/2017,42.555458,51.288382
Donald Trump,3/22/2017,42.837601,53.988128
Donald Trump,3/22/2017,41.555458,53.288382
Donald Trump,3/23/2017,52.949966,40.947479
Donald Trump,3/24/2017,49.649966,43.947479
Donald Trump,3/23/2017,41.555458,50.288382
Donald Trump,3/23/2017,39.837601,56.988128
Donald Trump,3/24/2017,42.555458,52.288382
Donald Trump,3/25/2017,46.349966,46.847479
Donald Trump,3/25/2017,41.555458,52.288382
Donald Trump,3/26/2017,44.949966,46.747479
Donald Trump,3/26/2017,40.837601,54.988128
Donald Trump,3/27/2017,38.933926,51.285681
Donald Trump,3/27/2017,40.837601,55.988128
Donald Trump,3/26/2017,40.555458,53.288382
Donald Trump,3/27/2017,39.285222,47.362
Donald Trump,3/27/2017,42.649966,48.847479
Donald Trump,3/25/2017,45.495997,50.343779
Donald Trump,3/27/2017,43.555458,49.288382
Donald Trump,3/28/2017,39.749966,50.747479
Donald Trump,3/29/2017,41.349966,48.747479
Donald Trump,3/28/2017,40.555458,53.288382
Donald Trump,3/28/2017,44.555458,49.288382
Donald Trump,3/28/2017,39.837601,56.988128
Donald Trump,3/30/2017,40.897876,54.434398
Donald Trump,3/29/2017,40.555458,53.288382
Donald Trump,3/28/2017,40.584689,52.690153
Donald Trump,3/30/2017,43.749966,47.747479
Donald Trump,3/29/2017,39.837601,56.988128
Donald Trump,3/30/2017,38.837601,57.988128
Donald Trump,3/31/2017,44.649966,48.647479
Donald Trump,3/30/2017,43.555458,48.288382
Donald Trump,4/1/2017,46.149966,48.547479
Donald Trump,3/31/2017,39.555458,52.288382
Donald Trump,4/2/2017,48.049966,47.347479
Donald Trump,4/2/2017,37.837601,58.988128
Donald Trump,4/1/2017,41.555458,52.288382
Donald Trump,4/1/2017,47.495997,49.343779
Donald Trump,4/3/2017,37.758206,55.19894
Donald Trump,4/3/2017,38.837601,57.988128
Donald Trump,4/3/2017,49.049966,47.047479
Donald Trump,4/2/2017,39.555458,52.288382
Donald Trump,4/4/2017,46.049966,49.847479
Donald Trump,4/3/2017,42.555458,48.288382
Donald Trump,4/4/2017,41.555458,51.288382
Donald Trump,4/4/2017,42.555458,49.288382
Donald Trump,4/5/2017,44.349966,50.147479
Donald Trump,4/4/2017,41.837601,54.988128
Donald Trump,4/6/2017,40.897876,53.434398
Donald Trump,4/5/2017,41.837601,54.988128
Donald Trump,4/6/2017,44.749966,50.147479
Donald Trump,4/5/2017,42.555458,49.288382
Donald Trump,4/7/2017,45.249966,48.347479
Donald Trump,4/6/2017,40.837601,55.988128
Donald Trump,4/6/2017,42.555458,52.288382
Donald Trump,4/7/2017,39.555458,54.288382
Donald Trump,4/8/2017,45.149966,48.647479
Donald Trump,4/8/2017,41.555458,50.288382
Donald Trump,4/9/2017,39.837601,56.988128
Donald Trump,4/9/2017,48.349966,45.547479
Donald Trump,4/11/2017,43.501807,50.385481
Donald Trump,4/10/2017,42.837601,53.988128
Donald Trump,4/9/2017,48.495997,47.343779
Donald Trump,4/10/2017,51.649966,42.747479
Donald Trump,4/10/2017,44.555458,49.288382
Donald Trump,4/11/2017,51.349966,42.847479
Donald Trump,4/13/2017,43.897876,51.434398
Donald Trump,4/11/2017,42.837601,53.988128
Donald Trump,4/11/2017,42.555458,50.288382
Donald Trump,4/12/2017,49.549966,44.347479
Donald Trump,4/12/2017,44.555458,49.288382
Donald Trump,4/12/2017,43.837601,52.988128
Donald Trump,4/11/2017,42.555458,51.288382
Donald Trump,4/13/2017,49.249966,45.047479
Donald Trump,4/14/2017,48.849966,45.347479
Donald Trump,4/13/2017,43.837601,52.988128
Donald Trump,4/12/2017,39.933926,49.285681
Donald Trump,4/13/2017,43.555458,49.288382
Donald Trump,4/15/2017,47.049966,47.047479
Donald Trump,4/14/2017,43.555458,49.288382
Donald Trump,4/16/2017,47.749966,45.747479
Donald Trump,4/15/2017,48.495997,45.343779
Donald Trump,4/15/2017,44.555458,48.288382
Donald Trump,4/16/2017,45.837601,50.988128
Donald Trump,4/18/2017,42.758206,54.19894
Donald Trump,4/17/2017,47.849966,47.347479
Donald Trump,4/17/2017,45.837601,50.988128
Donald Trump,4/18/2017,49.249966,45.847479
Donald Trump,4/17/2017,44.934719,50.891093
Donald Trump,4/18/2017,43.555458,49.288382
Donald Trump,4/18/2017,45.555458,48.288382
Donald Trump,4/18/2017,43.837601,52.988128
Donald Trump,4/20/2017,43.897876,51.434398
Donald Trump,4/19/2017,47.649966,47.447479
Donald Trump,4/20/2017,44.149966,50.847479
Donald Trump,4/19/2017,44.837601,51.988128
Donald Trump,4/19/2017,42.555458,48.288382
Donald Trump,4/18/2017,43.584689,49.690153
Donald Trump,4/20/2017,44.837601,51.988128
Donald Trump,4/20/2017,42.555458,49.288382
Donald Trump,4/21/2017,44.749966,49.947479
Donald Trump,4/21/2017,45.555458,48.288382
Donald Trump,4/20/2017,41.116076,50.161145
Donald Trump,4/22/2017,44.449966,49.847479
Donald Trump,4/23/2017,45.349966,48.747479
Donald Trump,4/23/2017,46.837601,49.988128
Donald Trump,4/24/2017,42.837601,53.988128
Donald Trump,4/24/2017,46.058311,47.084326
Donald Trump,4/23/2017,43.555458,50.288382
Donald Trump,4/24/2017,51.495997,45.343779
Donald Trump,4/24/2017,43.749966,51.047479
Donald Trump,4/24/2017,43.555458,50.288382
Donald Trump,4/25/2017,46.249966,47.947479
Donald Trump,4/25/2017,42.555458,49.288382
Donald Trump,4/26/2017,45.149966,50.147479
Donald Trump,4/25/2017,43.832943,48.059963
Donald Trump,4/25/2017,44.555458,48.288382
Donald Trump,4/27/2017,44.897876,50.434398
Donald Trump,4/25/2017,41.837601,54.988128
Donald Trump,4/26/2017,42.555458,51.288382
Donald Trump,4/27/2017,44.649966,50.947479
Donald Trump,4/26/2017,40.837601,55.988128
Donald Trump,4/27/2017,42.555458,50.288382
Donald Trump,4/27/2017,42.837601,53.988128
Donald Trump,4/28/2017,42.249966,52.247479
Donald Trump,4/28/2017,43.555458,49.288382
Donald Trump,4/29/2017,44.349966,49.647479
Donald Trump,4/29/2017,40.555458,52.288382
Donald Trump,4/30/2017,44.149966,50.747479
Donald Trump,4/30/2017,42.837601,53.988128
Donald Trump,4/30/2017,48.495997,45.343779
Donald Trump,4/30/2017,45.555458,50.288382
Donald Trump,4/29/2017,41.436399,51.592979
Joseph R. Biden Jr.,1/21/2021,50.660689,38.504473
Joseph R. Biden Jr.,1/21/2021,48.757916,31.178806
Joseph R. Biden Jr.,1/21/2021,46.564763,28.224945
Joseph R. Biden Jr.,1/21/2021,53.911401,32.82575
Joseph R. Biden Jr.,1/22/2021,49.757916,31.178806
Joseph R. Biden Jr.,1/21/2021,54.757916,34.178806
Joseph R. Biden Jr.,1/23/2021,50.757916,32.178806
Joseph R. Biden Jr.,1/24/2021,50.660689,40.504473
Joseph R. Biden Jr.,1/22/2021,58.61391,37.567184
Joseph R. Biden Jr.,1/23/2021,56.505396,33.304864
Joseph R. Biden Jr.,1/24/2021,51.757916,32.178806
Joseph R. Biden Jr.,1/25/2021,50.660689,40.504473
Joseph R. Biden Jr.,1/24/2021,54.775883,29.791433
Joseph R. Biden Jr.,1/26/2021,54.577733,32.190494
Joseph R. Biden Jr.,1/25/2021,57.757916,35.178806
Joseph R. Biden Jr.,1/25/2021,51.757916,33.178806
Joseph R. Biden Jr.,1/25/2021,54.757916,35.178806
Joseph R. Biden Jr.,1/25/2021,55.827544,35.405649
Joseph R. Biden Jr.,1/26/2021,51.757916,33.178806
Joseph R. Biden Jr.,1/26/2021,52.564763,33.224945
Joseph R. Biden Jr.,1/26/2021,50.660689,41.504473
Joseph R. Biden Jr.,1/27/2021,52.757916,34.178806
Joseph R. Biden Jr.,1/27/2021,50.068353,34.63946
Joseph R. Biden Jr.,1/26/2021,56.757916,35.178806
Joseph R. Biden Jr.,1/27/2021,51.660689,41.504473
Joseph R. Biden Jr.,1/28/2021,53.757916,34.678806
Joseph R. Biden Jr.,1/28/2021,52.660689,38.504473
Joseph R. Biden Jr.,2/2/2021,56.348082,36.255017
Joseph R. Biden Jr.,1/29/2021,53.33425,33.042767
Joseph R. Biden Jr.,1/28/2021,54.757916,36.178806
Joseph R. Biden Jr.,1/29/2021,52.757916,35.178806
Joseph R. Biden Jr.,1/29/2021,54.622513,36.900073
Joseph R. Biden Jr.,1/29/2021,56.61391,39.567184
Joseph R. Biden Jr.,1/30/2021,54.091249,36.178806
Joseph R. Biden Jr.,1/30/2021,56.505396,36.304864
Joseph R. Biden Jr.,1/31/2021,51.660689,39.504473
Joseph R. Biden Jr.,2/1/2021,53.660689,38.504473
Joseph R. Biden Jr.,2/1/2021,57.469446,38.254031
Joseph R. Biden Jr.,1/31/2021,52.757916,36.178806
Joseph R. Biden Jr.,2/1/2021,52.681258,37.936822
Joseph R. Biden Jr.,2/1/2021,51.39254,35.759236
Joseph R. Biden Jr.,2/1/2021,52.757916,36.178806
Joseph R. Biden Jr.,2/1/2021,55.757916,36.178806
Joseph R. Biden Jr.,2/1/2021,56.757916,38.178806
Joseph R. Biden Jr.,2/2/2021,53.660689,40.504473
Joseph R. Biden Jr.,2/2/2021,47.564763,38.224945
Joseph R. Biden Jr.,2/2/2021,52.757916,36.178806
Joseph R. Biden Jr.,2/3/2021,54.660689,39.504473
Joseph R. Biden Jr.,2/3/2021,52.757916,36.178806
Joseph R. Biden Jr.,2/4/2021,51.660689,41.504473
Joseph R. Biden Jr.,2/4/2021,52.757916,37.178806
Joseph R. Biden Jr.,2/3/2021,50.669133,38.484092
Joseph R. Biden Jr.,2/3/2021,55.911401,34.82575
Joseph R. Biden Jr.,2/5/2021,52.757916,37.178806
Joseph R. Biden Jr.,2/6/2021,58.505396,33.304864
Joseph R. Biden Jr.,2/7/2021,52.660689,40.504473
Joseph R. Biden Jr.,2/6/2021,52.757916,37.178806
Joseph R. Biden Jr.,2/7/2021,57.757916,38.178806
Joseph R. Biden Jr.,2/8/2021,53.660689,39.504473
Joseph R. Biden Jr.,2/7/2021,53.757916,36.178806
Joseph R. Biden Jr.,2/8/2021,53.757916,36.178806
Joseph R. Biden Jr.,2/8/2021,62.564763,39.224945
Joseph R. Biden Jr.,2/9/2021,51.564763,37.224945
Joseph R. Biden Jr.,2/9/2021,53.757916,36.178806
Joseph R. Biden Jr.,2/9/2021,53.660689,40.504473
Joseph R. Biden Jr.,2/9/2021,55.61391,40.567184
Joseph R. Biden Jr.,2/10/2021,53.757916,36.178806
Joseph R. Biden Jr.,2/10/2021,52.660689,40.504473
Joseph R. Biden Jr.,2/11/2021,54.660689,38.504473
Joseph R. Biden Jr.,2/10/2021,55.911401,35.82575
Joseph R. Biden Jr.,2/11/2021,53.757916,36.178806
Joseph R. Biden Jr.,2/12/2021,53.757916,36.178806
Joseph R. Biden Jr.,2/18/2021,55.348082,39.255017
Joseph R. Biden Jr.,2/14/2021,58.987454,34.073277
Joseph R. Biden Jr.,2/13/2021,53.757916,37.178806
Joseph R. Biden Jr.,2/14/2021,55.660689,36.504473
Joseph R. Biden Jr.,2/13/2021,55.505396,36.304864
Joseph R. Biden Jr.,2/15/2021,55.660689,37.504473
Joseph R. Biden Jr.,2/15/2021,55.681258,36.936822
Joseph R. Biden Jr.,2/14/2021,52.39254,37.759236
Joseph R. Biden Jr.,2/14/2021,52.757916,37.178806
Joseph R. Biden Jr.,2/15/2021,54.757916,41.178806
Joseph R. Biden Jr.,2/15/2021,54.61391,41.567184
Joseph R. Biden Jr.,2/15/2021,52.757916,37.178806
Joseph R. Biden Jr.,2/15/2021,54.757916,37.678806
Joseph R. Biden Jr.,2/15/2021,60.757916,36.178806
Joseph R. Biden Jr.,2/18/2021,50.577733,41.190494
Joseph R. Biden Jr.,2/16/2021,52.757916,37.178806
Joseph R. Biden Jr.,2/16/2021,52.660689,40.504473
Joseph R. Biden Jr.,2/16/2021,55.564763,37.224945
Joseph R. Biden Jr.,2/17/2021,52.757916,38.178806
Joseph R. Biden Jr.,2/17/2021,52.660689,41.504473
Joseph R. Biden Jr.,2/18/2021,52.757916,38.178806
Joseph R. Biden Jr.,2/18/2021,51.660689,42.504473
Joseph R. Biden Jr.,2/19/2021,52.757916,38.178806
Joseph R. Biden Jr.,2/18/2021,54.911401,36.82575
Joseph R. Biden Jr.,2/20/2021,56.535863,35.346185
Joseph R. Biden Jr.,2/21/2021,52.660689,42.504473
Joseph R. Biden Jr.,2/20/2021,52.757916,38.178806
Joseph R. Biden Jr.,2/21/2021,56.525705,40.95745
Joseph R. Biden Jr.,2/20/2021,54.505396,38.304864
Joseph R. Biden Jr.,2/21/2021,52.757916,38.178806
Joseph R. Biden Jr.,2/22/2021,52.660689,41.504473
Joseph R. Biden Jr.,2/21/2021,55.757916,36.178806
Joseph R. Biden Jr.,2/22/2021,56.757916,39.178806
Joseph R. Biden Jr.,2/22/2021,52.757916,38.178806
Joseph R. Biden Jr.,2/22/2021,52.564763,36.224945
Joseph R. Biden Jr.,2/23/2021,52.152377,38.231029
Joseph R. Biden Jr.,2/22/2021,51.564763,38.224945
Joseph R. Biden Jr.,2/23/2021,51.660689,42.504473
Joseph R. Biden Jr.,2/23/2021,52.757916,38.178806
Joseph R. Biden Jr.,2/24/2021,52.660689,41.504473
Joseph R. Biden Jr.,2/24/2021,52.068353,37.63946
Joseph R. Biden Jr.,2/24/2021,52.757916,38.178806
Joseph R. Biden Jr.,2/25/2021,51.660689,42.504473
Joseph R. Biden Jr.,2/24/2021,54.61391,41.567184
Joseph R. Biden Jr.,2/25/2021,56.61391,39.567184
Joseph R. Biden Jr.,2/25/2021,52.757916,38.178806
Joseph R. Biden Jr.,2/25/2021,55.911401,37.82575
Joseph R. Biden Jr.,2/26/2021,52.757916,38.178806
Joseph R. Biden Jr.,2/26/2021,53.61391,42.567184
Joseph R. Biden Jr.,2/28/2021,51.660689,41.504473
Joseph R. Biden Jr.,2/27/2021,52.505396,41.304864
Joseph R. Biden Jr.,2/27/2021,52.757916,38.178806
Joseph R. Biden Jr.,2/27/2021,53.33425,34.042767
Joseph R. Biden Jr.,2/28/2021,53.55127,39.232985
Joseph R. Biden Jr.,3/1/2021,52.660689,41.504473
Joseph R. Biden Jr.,3/1/2021,52.681258,39.936822
Joseph R. Biden Jr.,2/27/2021,48.846072,41.873443
Joseph R. Biden Jr.,2/28/2021,52.757916,38.178806
Joseph R. Biden Jr.,3/1/2021,56.469446,40.254031
Joseph R. Biden Jr.,3/1/2021,51.775883,41.791433
Joseph R. Biden Jr.,2/28/2021,48.458806,38.266875
Joseph R. Biden Jr.,3/1/2021,55.757916,40.178806
Joseph R. Biden Jr.,3/1/2021,54.757916,40.178806
Joseph R. Biden Jr.,3/1/2021,52.757916,38.178806
Joseph R. Biden Jr.,3/3/2021,52.757916,39.178806
Joseph R. Biden Jr.,3/2/2021,52.757916,39.178806
Joseph R. Biden Jr.,3/2/2021,51.564763,39.224945
Joseph R. Biden Jr.,3/4/2021,52.757916,39.178806
Joseph R. Biden Jr.,3/2/2021,52.660689,40.504473
Joseph R. Biden Jr.,3/5/2021,52.757916,39.178806
Joseph R. Biden Jr.,3/3/2021,51.660689,41.504473
Joseph R. Biden Jr.,3/6/2021,52.757916,39.178806
Joseph R. Biden Jr.,3/4/2021,51.660689,42.504473
Joseph R. Biden Jr.,3/7/2021,52.406943,39.586053
Joseph R. Biden Jr.,3/4/2021,56.911401,35.82575
Joseph R. Biden Jr.,3/7/2021,52.495395,41.796456
Joseph R. Biden Jr.,3/7/2021,53.757916,39.178806
Joseph R. Biden Jr.,3/6/2021,51.505396,40.304864
Joseph R. Biden Jr.,3/7/2021,51.660689,42.504473
Joseph R. Biden Jr.,3/8/2021,53.757916,39.178806
Joseph R. Biden Jr.,3/8/2021,52.660689,41.504473
Joseph R. Biden Jr.,3/8/2021,51.536551,40.452472
Joseph R. Biden Jr.,3/8/2021,56.757916,37.178806
Joseph R. Biden Jr.,3/9/2021,53.757916,39.178806
Joseph R. Biden Jr.,3/8/2021,50.068353,41.63946
Joseph R. Biden Jr.,3/8/2021,57.757916,40.178806
Joseph R. Biden Jr.,3/10/2021,53.757916,39.178806
Joseph R. Biden Jr.,3/8/2021,53.61391,42.567184
Joseph R. Biden Jr.,3/9/2021,52.660689,41.504473
Joseph R. Biden Jr.,3/9/2021,51.564763,40.224945
Joseph R. Biden Jr.,3/11/2021,53.757916,39.178806
Joseph R. Biden Jr.,3/15/2021,53.348082,41.255017
Joseph R. Biden Jr.,3/10/2021,52.660689,40.504473
Joseph R. Biden Jr.,3/12/2021,53.757916,39.178806
Joseph R. Biden Jr.,3/11/2021,53.660689,40.504473
Joseph R. Biden Jr.,3/13/2021,54.757916,38.178806
Joseph R. Biden Jr.,3/10/2021,61.564763,40.224945
Joseph R. Biden Jr.,3/14/2021,54.757916,38.178806
Joseph R. Biden Jr.,3/11/2021,52.911401,39.82575
Joseph R. Biden Jr.,3/14/2021,54.660689,39.504473
Joseph R. Biden Jr.,3/13/2021,55.505396,38.304864
Joseph R. Biden Jr.,3/13/2021,63.564763,38.224945
Joseph R. Biden Jr.,3/15/2021,53.757916,39.178806
Joseph R. Biden Jr.,3/16/2021,54.757916,38.178806
Joseph R. Biden Jr.,3/15/2021,55.681258,38.936822
Joseph R. Biden Jr.,3/15/2021,53.660689,40.504473
Joseph R. Biden Jr.,3/14/2021,54.61391,41.567184
Joseph R. Biden Jr.,3/15/2021,60.757916,37.178806
Joseph R. Biden Jr.,3/16/2021,53.191017,41.508086
Joseph R. Biden Jr.,3/17/2021,54.757916,38.178806
Joseph R. Biden Jr.,3/16/2021,54.660689,39.504473
Joseph R. Biden Jr.,3/18/2021,54.757916,38.178806
Joseph R. Biden Jr.,3/17/2021,54.564763,37.224945
Joseph R. Biden Jr.,3/19/2021,54.757916,38.178806
Joseph R. Biden Jr.,3/17/2021,53.660689,40.504473
Joseph R. Biden Jr.,3/20/2021,54.757916,38.178806
Joseph R. Biden Jr.,3/19/2021,58.757916,36.178806
Joseph R. Biden Jr.,3/18/2021,54.660689,41.504473
Joseph R. Biden Jr.,3/21/2021,50.577733,43.190494
Joseph R. Biden Jr.,3/21/2021,53.757916,39.178806
Joseph R. Biden Jr.,3/18/2021,57.911401,35.82575
Joseph R. Biden Jr.,3/20/2021,58.535863,35.346185
Joseph R. Biden Jr.,3/21/2021,51.660689,42.504473
Joseph R. Biden Jr.,3/22/2021,54.757916,39.178806
Joseph R. Biden Jr.,3/20/2021,58.505396,35.304864
Joseph R. Biden Jr.,3/22/2021,54.757916,40.178806
Joseph R. Biden Jr.,3/22/2021,50.660689,43.504473
Joseph R. Biden Jr.,3/23/2021,53.757916,39.178806
Joseph R. Biden Jr.,3/22/2021,53.406943,40.586053
Joseph R. Biden Jr.,3/22/2021,57.257916,38.178806
Joseph R. Biden Jr.,3/22/2021,55.61391,40.567184
Joseph R. Biden Jr.,3/22/2021,55.757916,43.178806
Joseph R. Biden Jr.,3/24/2021,53.757916,39.178806
Joseph R. Biden Jr.,3/25/2021,54.757916,39.178806
Joseph R. Biden Jr.,3/23/2021,50.660689,43.504473
Joseph R. Biden Jr.,3/22/2021,53.661979,37.429109
Joseph R. Biden Jr.,3/26/2021,55.729029,41.6556
Joseph R. Biden Jr.,3/23/2021,51.564763,41.224945
Joseph R. Biden Jr.,3/26/2021,53.757916,39.178806
Joseph R. Biden Jr.,3/24/2021,49.660689,44.504473
Joseph R. Biden Jr.,3/25/2021,53.068353,39.63946
Joseph R. Biden Jr.,3/25/2021,54.564763,36.224945
Joseph R. Biden Jr.,3/25/2021,50.660689,44.504473
Joseph R. Biden Jr.,3/27/2021,53.757916,39.178806
Joseph R. Biden Jr.,3/26/2021,56.61391,39.567184
Joseph R. Biden Jr.,3/26/2021,55.757916,39.678806
Joseph R. Biden Jr.,3/25/2021,51.911401,41.82575
Joseph R. Biden Jr.,3/28/2021,52.757916,39.178806
Joseph R. Biden Jr.,3/25/2021,56.61391,39.567184
Joseph R. Biden Jr.,3/29/2021,52.757916,39.178806
Joseph R. Biden Jr.,3/28/2021,55.757916,39.178806
Joseph R. Biden Jr.,3/30/2021,52.757916,39.178806
Joseph R. Biden Jr.,3/29/2021,53.952258,41.921792
Joseph R. Biden Jr.,3/29/2021,50.660689,43.504473
Joseph R. Biden Jr.,3/29/2021,54.681258,39.936822
Joseph R. Biden Jr.,3/29/2021,53.757916,41.178806
Joseph R. Biden Jr.,3/28/2021,51.660689,43.504473
Joseph R. Biden Jr.,3/31/2021,52.757916,39.178806
Joseph R. Biden Jr.,3/29/2021,56.757916,42.178806
Joseph R. Biden Jr.,3/29/2021,57.469446,38.254031
Joseph R. Biden Jr.,3/30/2021,49.564763,40.224945
Joseph R. Biden Jr.,4/1/2021,52.757916,39.178806
Joseph R. Biden Jr.,3/30/2021,51.660689,42.504473
Joseph R. Biden Jr.,3/31/2021,50.660689,43.504473
Joseph R. Biden Jr.,4/2/2021,52.757916,39.178806
Joseph R. Biden Jr.,4/3/2021,52.757916,39.178806
Joseph R. Biden Jr.,4/1/2021,50.660689,43.504473
Joseph R. Biden Jr.,4/2/2021,55.757916,39.178806
Joseph R. Biden Jr.,4/4/2021,53.757916,39.178806
Joseph R. Biden Jr.,4/1/2021,52.911401,41.82575
Joseph R. Biden Jr.,4/4/2021,49.660689,44.504473
Joseph R. Biden Jr.,4/3/2021,53.33425,37.042767
Joseph R. Biden Jr.,4/5/2021,53.757916,39.178806
Joseph R. Biden Jr.,4/4/2021,55.757916,40.178806
Joseph R. Biden Jr.,4/4/2021,52.757916,42.178806
Joseph R. Biden Jr.,4/6/2021,53.757916,39.178806
Joseph R. Biden Jr.,4/5/2021,49.660689,44.504473
Joseph R. Biden Jr.,4/7/2021,53.757916,39.178806
Joseph R. Biden Jr.,4/5/2021,56.61391,39.567184
Joseph R. Biden Jr.,4/8/2021,53.757916,39.178806
Joseph R. Biden Jr.,4/6/2021,50.564763,41.224945
Joseph R. Biden Jr.,4/6/2021,51.660689,43.504473
Joseph R. Biden Jr.,4/9/2021,53.757916,39.178806
Joseph R. Biden Jr.,4/7/2021,53.660689,41.504473
Joseph R. Biden Jr.,4/8/2021,52.660689,41.504473
Joseph R. Biden Jr.,4/8/2021,53.564763,38.224945
Joseph R. Biden Jr.,4/10/2021,53.757916,39.178806
Joseph R. Biden Jr.,4/11/2021,57.495395,38.796456
Joseph R. Biden Jr.,4/11/2021,52.757916,40.178806
Joseph R. Biden Jr.,4/8/2021,54.911401,37.82575
Joseph R. Biden Jr.,4/11/2021,53.71203,36.641252
Joseph R. Biden Jr.,4/12/2021,53.757916,39.178806
Joseph R. Biden Jr.,4/11/2021,52.660689,41.504473
Joseph R. Biden Jr.,4/13/2021,53.757916,39.178806
Joseph R. Biden Jr.,4/11/2021,48.062281,40.630725
Joseph R. Biden Jr.,4/12/2021,54.775883,40.791433
Joseph R. Biden Jr.,4/12/2021,52.660689,41.504473
Joseph R. Biden Jr.,4/12/2021,54.681258,40.936822
Joseph R. Biden Jr.,4/12/2021,50.39254,41.759236
Joseph R. Biden Jr.,4/13/2021,54.068353,38.63946
Joseph R. Biden Jr.,4/13/2021,56.05127,39.732985
Joseph R. Biden Jr.,4/21/2021,56.348082,39.255017
Joseph R. Biden Jr.,4/12/2021,50.191017,44.508086
Joseph R. Biden Jr.,4/14/2021,52.757916,40.178806
Joseph R. Biden Jr.,4/12/2021,57.757916,40.178806
Joseph R. Biden Jr.,4/13/2021,56.61391,39.567184
Joseph R. Biden Jr.,4/13/2021,52.660689,41.504473
Joseph R. Biden Jr.,4/15/2021,52.757916,40.178806
Joseph R. Biden Jr.,4/13/2021,50.564763,42.224945
Joseph R. Biden Jr.,4/16/2021,53.757916,40.178806
Joseph R. Biden Jr.,4/14/2021,52.660689,41.504473
Joseph R. Biden Jr.,4/16/2021,53.911401,40.82575
Joseph R. Biden Jr.,4/16/2021,53.911401,40.82575
Joseph R. Biden Jr.,4/17/2021,52.757916,40.178806
Joseph R. Biden Jr.,4/15/2021,51.660689,42.504473
Joseph R. Biden Jr.,4/15/2021,52.911401,38.82575
Joseph R. Biden Jr.,4/18/2021,52.757916,40.178806
Joseph R. Biden Jr.,4/18/2021,52.660689,41.504473
Joseph R. Biden Jr.,4/19/2021,52.757916,41.178806
Joseph R. Biden Jr.,4/18/2021,55.525705,41.95745
Joseph R. Biden Jr.,4/19/2021,56.757916,38.178806
Joseph R. Biden Jr.,4/19/2021,52.660689,42.504473
Joseph R. Biden Jr.,4/20/2021,51.757916,41.178806
Joseph R. Biden Jr.,4/19/2021,55.757916,39.178806
Joseph R. Biden Jr.,4/20/2021,51.890295,46.546078
Joseph R. Biden Jr.,4/21/2021,52.757916,40.178806
Joseph R. Biden Jr.,4/19/2021,56.61391,39.567184
Joseph R. Biden Jr.,4/20/2021,50.564763,38.224945
Joseph R. Biden Jr.,4/20/2021,54.062281,38.630725
Joseph R. Biden Jr.,4/20/2021,57.535863,36.346185
Joseph R. Biden Jr.,4/20/2021,52.660689,41.504473
Joseph R. Biden Jr.,4/22/2021,52.757916,40.178806
Joseph R. Biden Jr.,4/21/2021,55.068353,43.63946
Joseph R. Biden Jr.,4/21/2021,52.660689,42.504473
Joseph R. Biden Jr.,4/21/2021,53.147386,42.145003
Joseph R. Biden Jr.,4/21/2021,52.857142,41.878427
Joseph R. Biden Jr.,4/23/2021,53.577733,42.190494
Joseph R. Biden Jr.,4/23/2021,52.757916,40.178806
Joseph R. Biden Jr.,4/22/2021,54.660689,39.504473
Joseph R. Biden Jr.,4/22/2021,56.757916,38.178806
Joseph R. Biden Jr.,4/24/2021,52.757916,40.178806
Joseph R. Biden Jr.,4/22/2021,52.911401,39.82575
Joseph R. Biden Jr.,4/23/2021,52.564763,44.224945
Joseph R. Biden Jr.,4/25/2021,52.757916,39.178806
Joseph R. Biden Jr.,4/24/2021,59.564763,42.224945
Joseph R. Biden Jr.,4/25/2021,55.757916,40.178806
Joseph R. Biden Jr.,4/26/2021,53.757916,39.178806
Joseph R. Biden Jr.,4/27/2021,55.757916,39.178806
Joseph R. Biden Jr.,4/25/2021,53.660689,40.504473
Joseph R. Biden Jr.,4/27/2021,53.757916,39.178806
Joseph R. Biden Jr.,4/25/2021,53.257797,41.616051
Joseph R. Biden Jr.,4/26/2021,52.660689,41.504473
Joseph R. Biden Jr.,4/26/2021,53.536551,42.452472
Joseph R. Biden Jr.,4/25/2021,51.458806,39.266875
Joseph R. Biden Jr.,4/26/2021,52.681258,42.936822
Joseph R. Biden Jr.,4/26/2021,55.757916,42.178806
Joseph R. Biden Jr.,4/26/2021,58.757916,40.178806
Joseph R. Biden Jr.,4/28/2021,53.757916,39.178806
Joseph R. Biden Jr.,4/27/2021,50.660689,43.504473
Joseph R. Biden Jr.,4/27/2021,52.564763,39.224945
Joseph R. Biden Jr.,4/29/2021,53.757916,39.178806
Joseph R. Biden Jr.,4/28/2021,55.61391,40.567184
Joseph R. Biden Jr.,4/30/2021,53.757916,39.178806
Joseph R. Biden Jr.,4/28/2021,50.660689,43.504473
Joseph R. Biden Jr.,4/29/2021,49.660689,44.504473
Joseph R. Biden Jr.,4/29/2021,55.564763,37.224945
Joseph R. Biden Jr.,4/28/2021,53.911401,38.82575
Joseph R. Biden Jr.,4/28/2021,58.757916,36.178806
Joseph R. Biden Jr.,4/29/2021,55.11391,39.567184
Joseph R. Biden Jr.,4/30/2021,51.33425,36.042767
Joseph R. Biden Jr.,1/21/2021,48.571039,30.149758
Joseph R. Biden Jr.,1/21/2021,46.372983,27.403336
Joseph R. Biden Jr.,1/21/2021,53.662904,31.989944
Joseph R. Biden Jr.,1/22/2021,49.571039,30.149758
Joseph R. Biden Jr.,1/23/2021,50.571039,31.149758
Joseph R. Biden Jr.,1/24/2021,54.520684,29.159991
Joseph R. Biden Jr.,1/24/2021,51.571039,31.149758
Joseph R. Biden Jr.,1/25/2021,51.571039,32.149758
Joseph R. Biden Jr.,1/25/2021,54.571039,34.149758
Joseph R. Biden Jr.,1/26/2021,51.571039,32.149758
Joseph R. Biden Jr.,1/26/2021,52.372983,32.403336
Joseph R. Biden Jr.,1/26/2021,56.571039,34.149758
Joseph R. Biden Jr.,1/27/2021,49.968534,33.83808
Joseph R. Biden Jr.,1/27/2021,52.571039,33.149758
Joseph R. Biden Jr.,2/2/2021,56.223818,35.629441
Joseph R. Biden Jr.,1/28/2021,53.571039,33.649758
Joseph R. Biden Jr.,1/29/2021,52.571039,34.149758
Joseph R. Biden Jr.,1/29/2021,53.130397,32.286074
Joseph R. Biden Jr.,1/28/2021,54.571039,35.149758
Joseph R. Biden Jr.,1/30/2021,53.904372,35.149758
Joseph R. Biden Jr.,1/31/2021,52.571039,35.149758
Joseph R. Biden Jr.,2/1/2021,57.428502,37.534089
Joseph R. Biden Jr.,2/1/2021,51.178181,35.15417
Joseph R. Biden Jr.,2/1/2021,55.571039,35.149758
Joseph R. Biden Jr.,2/1/2021,52.571039,35.149758
Joseph R. Biden Jr.,2/2/2021,47.372983,37.403336
Joseph R. Biden Jr.,2/2/2021,52.571039,35.149758
Joseph R. Biden Jr.,2/3/2021,52.571039,35.149758
Joseph R. Biden Jr.,2/4/2021,52.571039,36.149758
Joseph R. Biden Jr.,2/3/2021,55.662904,33.989944
Joseph R. Biden Jr.,2/3/2021,50.521631,38.117287
Joseph R. Biden Jr.,2/5/2021,52.571039,36.149758
Joseph R. Biden Jr.,2/6/2021,52.571039,36.149758
Joseph R. Biden Jr.,2/7/2021,53.571039,35.149758
Joseph R. Biden Jr.,2/8/2021,62.372983,38.403336
Joseph R. Biden Jr.,2/8/2021,53.571039,35.149758
Joseph R. Biden Jr.,2/9/2021,53.571039,35.149758
Joseph R. Biden Jr.,2/9/2021,51.372983,36.403336
Joseph R. Biden Jr.,2/10/2021,53.571039,35.149758
Joseph R. Biden Jr.,2/10/2021,55.662904,34.989944
Joseph R. Biden Jr.,2/11/2021,53.571039,35.149758
Joseph R. Biden Jr.,2/14/2021,59.017039,33.600971
Joseph R. Biden Jr.,2/12/2021,53.571039,35.149758
Joseph R. Biden Jr.,2/18/2021,55.223818,38.629441
Joseph R. Biden Jr.,2/13/2021,53.571039,36.149758
Joseph R. Biden Jr.,2/14/2021,52.178181,37.15417
Joseph R. Biden Jr.,2/14/2021,52.571039,36.149758
Joseph R. Biden Jr.,2/15/2021,52.571039,36.149758
Joseph R. Biden Jr.,2/15/2021,54.571039,36.649758
Joseph R. Biden Jr.,2/16/2021,52.571039,36.149758
Joseph R. Biden Jr.,2/16/2021,55.372983,36.403336
Joseph R. Biden Jr.,2/17/2021,52.571039,37.149758
Joseph R. Biden Jr.,2/18/2021,52.571039,37.149758
Joseph R. Biden Jr.,2/19/2021,52.571039,37.149758
Joseph R. Biden Jr.,2/18/2021,54.662904,35.989944
Joseph R. Biden Jr.,2/20/2021,52.571039,37.149758
Joseph R. Biden Jr.,2/20/2021,56.424431,34.863501
Joseph R. Biden Jr.,2/21/2021,52.571039,37.149758
Joseph R. Biden Jr.,2/21/2021,55.571039,35.149758
Joseph R. Biden Jr.,2/22/2021,51.372983,37.403336
Joseph R. Biden Jr.,2/22/2021,52.571039,37.149758
Joseph R. Biden Jr.,2/22/2021,52.372983,35.403336
Joseph R. Biden Jr.,2/23/2021,52.571039,37.149758
Joseph R. Biden Jr.,2/24/2021,52.571039,37.149758
Joseph R. Biden Jr.,2/24/2021,51.968534,36.83808
Joseph R. Biden Jr.,2/25/2021,52.571039,37.149758
Joseph R. Biden Jr.,2/25/2021,55.662904,36.989944
Joseph R. Biden Jr.,2/26/2021,52.571039,37.149758
Joseph R. Biden Jr.,2/27/2021,52.571039,37.149758
Joseph R. Biden Jr.,2/27/2021,53.130397,33.286074
Joseph R. Biden Jr.,2/28/2021,52.571039,37.149758
Joseph R. Biden Jr.,2/28/2021,48.255997,37.666487
Joseph R. Biden Jr.,3/1/2021,51.520684,41.159991
Joseph R. Biden Jr.,3/1/2021,56.428502,39.534089
Joseph R. Biden Jr.,3/1/2021,52.571039,37.149758
Joseph R. Biden Jr.,3/3/2021,52.571039,38.149758
Joseph R. Biden Jr.,3/1/2021,54.571039,39.149758
Joseph R. Biden Jr.,3/2/2021,51.372983,38.403336
Joseph R. Biden Jr.,3/2/2021,52.571039,38.149758
Joseph R. Biden Jr.,3/4/2021,52.571039,38.149758
Joseph R. Biden Jr.,3/5/2021,52.571039,38.149758
Joseph R. Biden Jr.,3/6/2021,52.571039,38.149758
Joseph R. Biden Jr.,3/7/2021,52.503578,41.276483
Joseph R. Biden Jr.,3/7/2021,53.571039,38.149758
Joseph R. Biden Jr.,3/4/2021,56.662904,34.989944
Joseph R. Biden Jr.,3/8/2021,53.571039,38.149758
Joseph R. Biden Jr.,3/8/2021,51.609616,39.968994
Joseph R. Biden Jr.,3/8/2021,56.571039,36.149758
Joseph R. Biden Jr.,3/8/2021,49.968534,40.83808
Joseph R. Biden Jr.,3/9/2021,53.571039,38.149758
Joseph R. Biden Jr.,3/10/2021,53.571039,38.149758
Joseph R. Biden Jr.,3/9/2021,51.372983,39.403336
Joseph R. Biden Jr.,3/15/2021,53.223818,40.629441
Joseph R. Biden Jr.,3/11/2021,53.571039,38.149758
Joseph R. Biden Jr.,3/12/2021,53.571039,38.149758
Joseph R. Biden Jr.,3/13/2021,54.571039,37.149758
Joseph R. Biden Jr.,3/10/2021,61.372983,39.403336
Joseph R. Biden Jr.,3/11/2021,52.662904,38.989944
Joseph R. Biden Jr.,3/14/2021,54.571039,37.149758
Joseph R. Biden Jr.,3/13/2021,63.372983,37.403336
Joseph R. Biden Jr.,3/15/2021,53.571039,38.149758
Joseph R. Biden Jr.,3/16/2021,54.571039,37.149758
Joseph R. Biden Jr.,3/17/2021,54.571039,37.149758
Joseph R. Biden Jr.,3/18/2021,54.571039,37.149758
Joseph R. Biden Jr.,3/17/2021,54.372983,36.403336
Joseph R. Biden Jr.,3/19/2021,54.571039,37.149758
Joseph R. Biden Jr.,3/20/2021,54.571039,37.149758
Joseph R. Biden Jr.,3/19/2021,58.571039,35.149758
Joseph R. Biden Jr.,3/18/2021,57.662904,34.989944
Joseph R. Biden Jr.,3/21/2021,53.571039,38.149758
Joseph R. Biden Jr.,3/22/2021,54.571039,38.149758
Joseph R. Biden Jr.,3/20/2021,58.424431,34.863501
Joseph R. Biden Jr.,3/23/2021,53.571039,38.149758
Joseph R. Biden Jr.,3/22/2021,54.571039,39.149758
Joseph R. Biden Jr.,3/22/2021,57.071039,37.149758
Joseph R. Biden Jr.,3/24/2021,53.571039,38.149758
Joseph R. Biden Jr.,3/23/2021,51.372983,40.403336
Joseph R. Biden Jr.,3/26/2021,55.656,41.350251
Joseph R. Biden Jr.,3/25/2021,54.571039,38.149758
Joseph R. Biden Jr.,3/26/2021,53.571039,38.149758
Joseph R. Biden Jr.,3/25/2021,54.372983,35.403336
Joseph R. Biden Jr.,3/27/2021,53.571039,38.149758
Joseph R. Biden Jr.,3/25/2021,52.968534,38.83808
Joseph R. Biden Jr.,3/25/2021,51.662904,40.989944
Joseph R. Biden Jr.,3/28/2021,52.571039,38.149758
Joseph R. Biden Jr.,3/26/2021,55.571039,38.649758
Joseph R. Biden Jr.,3/28/2021,55.571039,38.149758
Joseph R. Biden Jr.,3/29/2021,52.571039,38.149758
Joseph R. Biden Jr.,3/29/2021,53.571039,40.149758
Joseph R. Biden Jr.,3/30/2021,52.571039,38.149758
Joseph R. Biden Jr.,3/31/2021,52.571039,38.149758
Joseph R. Biden Jr.,3/29/2021,57.428502,37.534089
Joseph R. Biden Jr.,3/30/2021,49.372983,39.403336
Joseph R. Biden Jr.,4/1/2021,52.571039,38.149758
Joseph R. Biden Jr.,4/2/2021,52.571039,38.149758
Joseph R. Biden Jr.,4/3/2021,52.571039,38.149758
Joseph R. Biden Jr.,4/4/2021,53.571039,38.149758
Joseph R. Biden Jr.,4/1/2021,52.662904,40.989944
Joseph R. Biden Jr.,4/2/2021,55.571039,38.149758
Joseph R. Biden Jr.,4/5/2021,53.571039,38.149758
Joseph R. Biden Jr.,4/3/2021,53.130397,36.286074
Joseph R. Biden Jr.,4/4/2021,55.571039,39.149758
Joseph R. Biden Jr.,4/4/2021,52.571039,41.149758
Joseph R. Biden Jr.,4/6/2021,53.571039,38.149758
Joseph R. Biden Jr.,4/7/2021,53.571039,38.149758
Joseph R. Biden Jr.,4/8/2021,53.571039,38.149758
Joseph R. Biden Jr.,4/6/2021,50.372983,40.403336
Joseph R. Biden Jr.,4/9/2021,53.571039,38.149758
Joseph R. Biden Jr.,4/10/2021,53.571039,38.149758
Joseph R. Biden Jr.,4/8/2021,53.372983,37.403336
Joseph R. Biden Jr.,4/11/2021,52.571039,39.149758
Joseph R. Biden Jr.,4/11/2021,57.503578,38.276483
Joseph R. Biden Jr.,4/8/2021,54.662904,36.989944
Joseph R. Biden Jr.,4/12/2021,53.571039,38.149758
Joseph R. Biden Jr.,4/13/2021,53.968534,37.83808
Joseph R. Biden Jr.,4/12/2021,50.178181,41.15417
Joseph R. Biden Jr.,4/12/2021,54.520684,40.159991
Joseph R. Biden Jr.,4/11/2021,48.054291,40.207717
Joseph R. Biden Jr.,4/13/2021,53.571039,38.149758
Joseph R. Biden Jr.,4/21/2021,56.223818,38.629441
Joseph R. Biden Jr.,4/14/2021,52.571039,39.149758
Joseph R. Biden Jr.,4/13/2021,50.372983,41.403336
Joseph R. Biden Jr.,4/15/2021,52.571039,39.149758
Joseph R. Biden Jr.,4/16/2021,53.571039,39.149758
Joseph R. Biden Jr.,4/16/2021,53.662904,39.989944
Joseph R. Biden Jr.,4/16/2021,53.662904,39.989944
Joseph R. Biden Jr.,4/17/2021,52.571039,39.149758
Joseph R. Biden Jr.,4/15/2021,52.662904,37.989944
Joseph R. Biden Jr.,4/18/2021,52.571039,39.149758
Joseph R. Biden Jr.,4/19/2021,52.571039,40.149758
Joseph R. Biden Jr.,4/19/2021,56.571039,37.149758
Joseph R. Biden Jr.,4/20/2021,51.571039,40.149758
Joseph R. Biden Jr.,4/21/2021,52.571039,39.149758
Joseph R. Biden Jr.,4/19/2021,55.571039,38.149758
Joseph R. Biden Jr.,4/22/2021,52.571039,39.149758
Joseph R. Biden Jr.,4/20/2021,54.054291,38.207717
Joseph R. Biden Jr.,4/20/2021,57.424431,35.863501
Joseph R. Biden Jr.,4/20/2021,50.372983,37.403336
Joseph R. Biden Jr.,4/21/2021,52.710545,41.488707
Joseph R. Biden Jr.,4/21/2021,54.968534,42.83808
Joseph R. Biden Jr.,4/23/2021,52.571039,39.149758
Joseph R. Biden Jr.,4/24/2021,52.571039,39.149758
Joseph R. Biden Jr.,4/22/2021,56.571039,37.149758
Joseph R. Biden Jr.,4/23/2021,52.372983,43.403336
Joseph R. Biden Jr.,4/22/2021,52.662904,38.989944
Joseph R. Biden Jr.,4/25/2021,52.571039,38.149758
Joseph R. Biden Jr.,4/27/2021,55.571039,38.149758
Joseph R. Biden Jr.,4/24/2021,59.372983,41.403336
Joseph R. Biden Jr.,4/26/2021,53.571039,38.149758
Joseph R. Biden Jr.,4/25/2021,53.336792,41.175669
Joseph R. Biden Jr.,4/27/2021,53.571039,38.149758
Joseph R. Biden Jr.,4/26/2021,53.609616,41.968994
Joseph R. Biden Jr.,4/25/2021,51.255997,38.666487
Joseph R. Biden Jr.,4/28/2021,53.571039,38.149758
Joseph R. Biden Jr.,4/29/2021,53.571039,38.149758
Joseph R. Biden Jr.,4/27/2021,52.372983,38.403336
Joseph R. Biden Jr.,4/30/2021,53.571039,38.149758
Joseph R. Biden Jr.,4/28/2021,58.571039,35.149758
Joseph R. Biden Jr.,4/28/2021,53.662904,37.989944
Joseph R. Biden Jr.,4/29/2021,55.372983,36.403336
Joseph R. Biden Jr.,4/30/2021,51.130397,35.286074
Joseph R. Biden Jr.,1/21/2021,50.847771,39.112939
Joseph R. Biden Jr.,1/21/2021,54.069993,31.834246
Joseph R. Biden Jr.,1/21/2021,56.381535,32.583727
Joseph R. Biden Jr.,1/22/2021,52.069993,31.834246
Joseph R. Biden Jr.,1/24/2021,50.847771,41.112939
Joseph R. Biden Jr.,1/23/2021,56.673918,33.732805
Joseph R. Biden Jr.,1/22/2021,58.773755,38.052745
Joseph R. Biden Jr.,1/26/2021,54.743437,32.579907
Joseph R. Biden Jr.,1/24/2021,54.069993,34.834246
Joseph R. Biden Jr.,1/24/2021,54.929779,30.782859
Joseph R. Biden Jr.,1/25/2021,50.847771,41.112939
Joseph R. Biden Jr.,1/25/2021,57.069993,32.834246
Joseph R. Biden Jr.,1/25/2021,56.169103,35.65172
Joseph R. Biden Jr.,1/26/2021,50.847771,42.112939
Joseph R. Biden Jr.,1/26/2021,53.572989,34.937139
Joseph R. Biden Jr.,1/27/2021,51.847771,42.112939
Joseph R. Biden Jr.,1/27/2021,51.01499,35.479467
Joseph R. Biden Jr.,1/28/2021,52.847771,39.112939
Joseph R. Biden Jr.,1/29/2021,56.194279,32.72057
Joseph R. Biden Jr.,1/29/2021,56.773755,40.052745
Joseph R. Biden Jr.,1/30/2021,56.673918,36.732805
Joseph R. Biden Jr.,1/29/2021,54.84458,36.564735
Joseph R. Biden Jr.,1/31/2021,51.847771,40.112939
Joseph R. Biden Jr.,2/1/2021,53.847771,39.112939
Joseph R. Biden Jr.,2/1/2021,51.919168,35.870415
Joseph R. Biden Jr.,2/1/2021,52.76934,38.38404
Joseph R. Biden Jr.,2/1/2021,56.069993,35.834246
Joseph R. Biden Jr.,2/1/2021,54.069993,37.834246
Joseph R. Biden Jr.,2/2/2021,53.847771,41.112939
Joseph R. Biden Jr.,2/2/2021,51.572989,38.937139
Joseph R. Biden Jr.,2/3/2021,54.847771,40.112939
Joseph R. Biden Jr.,2/4/2021,51.847771,42.112939
Joseph R. Biden Jr.,2/6/2021,58.673918,33.732805
Joseph R. Biden Jr.,2/7/2021,52.847771,41.112939
Joseph R. Biden Jr.,2/7/2021,57.069993,35.834246
Joseph R. Biden Jr.,2/8/2021,53.847771,40.112939
Joseph R. Biden Jr.,2/9/2021,54.572989,38.937139
Joseph R. Biden Jr.,2/9/2021,53.847771,41.112939
Joseph R. Biden Jr.,2/10/2021,52.847771,41.112939
Joseph R. Biden Jr.,2/9/2021,55.773755,41.052745
Joseph R. Biden Jr.,2/11/2021,54.847771,39.112939
Joseph R. Biden Jr.,2/14/2021,55.847771,37.112939
Joseph R. Biden Jr.,2/13/2021,55.673918,36.732805
Joseph R. Biden Jr.,2/15/2021,55.847771,38.112939
Joseph R. Biden Jr.,2/14/2021,53.919168,37.870415
Joseph R. Biden Jr.,2/15/2021,55.76934,37.38404
Joseph R. Biden Jr.,2/15/2021,54.069993,38.834246
Joseph R. Biden Jr.,2/15/2021,54.773755,42.052745
Joseph R. Biden Jr.,2/18/2021,50.743437,41.579907
Joseph R. Biden Jr.,2/16/2021,52.847771,41.112939
Joseph R. Biden Jr.,2/15/2021,60.069993,33.834246
Joseph R. Biden Jr.,2/16/2021,56.572989,38.937139
Joseph R. Biden Jr.,2/17/2021,52.847771,42.112939
Joseph R. Biden Jr.,2/18/2021,51.847771,43.112939
Joseph R. Biden Jr.,2/21/2021,52.847771,43.112939
Joseph R. Biden Jr.,2/20/2021,57.425741,35.637281
Joseph R. Biden Jr.,2/21/2021,56.677244,41.265611
Joseph R. Biden Jr.,2/20/2021,54.673918,38.732805
Joseph R. Biden Jr.,2/22/2021,52.847771,42.112939
Joseph R. Biden Jr.,2/22/2021,56.069993,36.834246
Joseph R. Biden Jr.,2/22/2021,52.572989,38.937139
Joseph R. Biden Jr.,2/23/2021,52.332462,38.502405
Joseph R. Biden Jr.,2/23/2021,51.847771,43.112939
Joseph R. Biden Jr.,2/24/2021,52.847771,42.112939
Joseph R. Biden Jr.,2/25/2021,51.847771,43.112939
Joseph R. Biden Jr.,2/24/2021,54.773755,42.052745
Joseph R. Biden Jr.,2/25/2021,56.773755,40.052745
Joseph R. Biden Jr.,2/26/2021,53.773755,43.052745
Joseph R. Biden Jr.,2/28/2021,53.708345,39.583644
Joseph R. Biden Jr.,2/28/2021,51.847771,42.112939
Joseph R. Biden Jr.,2/27/2021,55.194279,35.72057
Joseph R. Biden Jr.,2/27/2021,52.673918,41.732805
Joseph R. Biden Jr.,3/1/2021,52.847771,42.112939
Joseph R. Biden Jr.,2/27/2021,48.876682,42.16154
Joseph R. Biden Jr.,3/1/2021,52.76934,40.38404
Joseph R. Biden Jr.,3/1/2021,50.929779,42.782859
Joseph R. Biden Jr.,3/1/2021,55.069993,37.834246
Joseph R. Biden Jr.,3/2/2021,53.572989,40.937139
Joseph R. Biden Jr.,3/2/2021,52.847771,41.112939
Joseph R. Biden Jr.,3/3/2021,51.847771,42.112939
Joseph R. Biden Jr.,3/7/2021,52.404817,39.843081
Joseph R. Biden Jr.,3/4/2021,51.847771,43.112939
Joseph R. Biden Jr.,3/6/2021,51.673918,40.732805
Joseph R. Biden Jr.,3/7/2021,51.847771,43.112939
Joseph R. Biden Jr.,3/8/2021,52.847771,42.112939
Joseph R. Biden Jr.,3/8/2021,50.831399,42.763195
Joseph R. Biden Jr.,3/8/2021,49.01499,42.479467
Joseph R. Biden Jr.,3/8/2021,57.069993,37.834246
Joseph R. Biden Jr.,3/8/2021,53.773755,43.052745
Joseph R. Biden Jr.,3/9/2021,53.572989,39.937139
Joseph R. Biden Jr.,3/9/2021,52.847771,42.112939
Joseph R. Biden Jr.,3/10/2021,52.847771,41.112939
Joseph R. Biden Jr.,3/11/2021,53.847771,41.112939
Joseph R. Biden Jr.,3/14/2021,54.847771,40.112939
Joseph R. Biden Jr.,3/13/2021,55.673918,38.732805
Joseph R. Biden Jr.,3/15/2021,53.847771,41.112939
Joseph R. Biden Jr.,3/15/2021,55.76934,39.38404
Joseph R. Biden Jr.,3/14/2021,54.773755,42.052745
Joseph R. Biden Jr.,3/15/2021,60.069993,34.834246
Joseph R. Biden Jr.,3/16/2021,53.154046,41.940134
Joseph R. Biden Jr.,3/16/2021,54.847771,40.112939
Joseph R. Biden Jr.,3/17/2021,56.572989,39.937139
Joseph R. Biden Jr.,3/17/2021,53.847771,41.112939
Joseph R. Biden Jr.,3/18/2021,54.847771,42.112939
Joseph R. Biden Jr.,3/21/2021,50.743437,43.579907
Joseph R. Biden Jr.,3/20/2021,58.673918,35.732805
Joseph R. Biden Jr.,3/21/2021,51.847771,43.112939
Joseph R. Biden Jr.,3/20/2021,58.425741,35.637281
Joseph R. Biden Jr.,3/22/2021,53.404817,40.843081
Joseph R. Biden Jr.,3/22/2021,50.847771,44.112939
Joseph R. Biden Jr.,3/22/2021,55.773755,41.052745
Joseph R. Biden Jr.,3/22/2021,55.069993,40.834246
Joseph R. Biden Jr.,3/22/2021,53.666798,37.828214
Joseph R. Biden Jr.,3/23/2021,52.572989,41.937139
Joseph R. Biden Jr.,3/23/2021,50.847771,44.112939
Joseph R. Biden Jr.,3/24/2021,49.847771,45.112939
Joseph R. Biden Jr.,3/25/2021,50.847771,45.112939
Joseph R. Biden Jr.,3/25/2021,53.01499,40.479467
Joseph R. Biden Jr.,3/25/2021,56.773755,40.052745
Joseph R. Biden Jr.,3/26/2021,56.773755,40.052745
Joseph R. Biden Jr.,3/29/2021,50.847771,44.112939
Joseph R. Biden Jr.,3/29/2021,53.93502,42.334006
Joseph R. Biden Jr.,3/28/2021,51.847771,44.112939
Joseph R. Biden Jr.,3/29/2021,54.76934,40.38404
Joseph R. Biden Jr.,3/29/2021,56.069993,39.834246
Joseph R. Biden Jr.,3/30/2021,51.847771,43.112939
Joseph R. Biden Jr.,3/30/2021,51.572989,41.937139
Joseph R. Biden Jr.,3/31/2021,50.847771,44.112939
Joseph R. Biden Jr.,4/1/2021,50.847771,44.112939
Joseph R. Biden Jr.,4/4/2021,49.847771,45.112939
Joseph R. Biden Jr.,4/5/2021,49.847771,45.112939
Joseph R. Biden Jr.,4/4/2021,57.069993,37.834246
Joseph R. Biden Jr.,4/5/2021,56.773755,40.052745
Joseph R. Biden Jr.,4/6/2021,51.847771,44.112939
Joseph R. Biden Jr.,4/6/2021,53.572989,40.937139
Joseph R. Biden Jr.,4/7/2021,53.847771,42.112939
Joseph R. Biden Jr.,4/8/2021,52.847771,42.112939
Joseph R. Biden Jr.,4/11/2021,52.847771,42.112939
Joseph R. Biden Jr.,4/11/2021,53.743973,36.912775
Joseph R. Biden Jr.,4/12/2021,52.847771,42.112939
Joseph R. Biden Jr.,4/13/2021,53.01499,40.479467
Joseph R. Biden Jr.,4/12/2021,53.929779,42.782859
Joseph R. Biden Jr.,4/12/2021,54.76934,41.38404
Joseph R. Biden Jr.,4/12/2021,51.919168,41.870415
Joseph R. Biden Jr.,4/12/2021,57.069993,37.834246
Joseph R. Biden Jr.,4/13/2021,56.773755,40.052745
Joseph R. Biden Jr.,4/12/2021,50.154046,44.940134
Joseph R. Biden Jr.,4/13/2021,56.208345,40.083644
Joseph R. Biden Jr.,4/13/2021,52.572989,41.937139
Joseph R. Biden Jr.,4/13/2021,52.847771,42.112939
Joseph R. Biden Jr.,4/14/2021,52.847771,42.112939
Joseph R. Biden Jr.,4/15/2021,51.847771,43.112939
Joseph R. Biden Jr.,4/18/2021,55.677244,42.265611
Joseph R. Biden Jr.,4/18/2021,52.847771,42.112939
Joseph R. Biden Jr.,4/19/2021,52.847771,43.112939
Joseph R. Biden Jr.,4/19/2021,56.069993,38.834246
Joseph R. Biden Jr.,4/19/2021,56.773755,40.052745
Joseph R. Biden Jr.,4/20/2021,51.904875,46.775512
Joseph R. Biden Jr.,4/20/2021,51.331204,42.457814
Joseph R. Biden Jr.,4/20/2021,57.425741,36.637281
Joseph R. Biden Jr.,4/20/2021,52.847771,42.112939
Joseph R. Biden Jr.,4/20/2021,52.572989,40.937139
Joseph R. Biden Jr.,4/21/2021,53.385125,42.358844
Joseph R. Biden Jr.,4/23/2021,53.743437,42.579907
Joseph R. Biden Jr.,4/21/2021,55.01499,43.479467
Joseph R. Biden Jr.,4/21/2021,52.847771,43.112939
Joseph R. Biden Jr.,4/22/2021,54.847771,40.112939
Joseph R. Biden Jr.,4/25/2021,53.847771,41.112939
Joseph R. Biden Jr.,4/25/2021,55.069993,37.834246
Joseph R. Biden Jr.,4/26/2021,52.847771,42.112939
Joseph R. Biden Jr.,4/26/2021,52.831399,43.763195
Joseph R. Biden Jr.,4/26/2021,52.76934,43.38404
Joseph R. Biden Jr.,4/26/2021,55.069993,39.834246
Joseph R. Biden Jr.,4/26/2021,58.069993,37.834246
Joseph R. Biden Jr.,4/27/2021,50.847771,44.112939
Joseph R. Biden Jr.,4/27/2021,53.572989,39.937139
Joseph R. Biden Jr.,4/28/2021,50.847771,44.112939
Joseph R. Biden Jr.,4/28/2021,55.773755,41.052745
Joseph R. Biden Jr.,4/29/2021,49.847771,45.112939
Joseph R. Biden Jr.,4/29/2021,55.273755,40.052745
Joseph R. Biden Jr.,4/30/2021,53.194279,38.72057